Workbook

Sheet Instrucciones
B1: Base de relevamiento · Corredor Bioceánico (Jujuy)
B2: Planilla que recibe los datos de la app de campo y arma el tablero sola.
B4: Hojas
B5: Tablero: indicadores, tablas y gráficos. Se recalcula solo; las únicas celdas para escribir son las amarillas (nombres de equipos).
B6: Datos: una fila por relevamiento. La llena el script o se pega el CSV de la app. No cambiar la fila 1 ni insertar columnas en el medio.
B7: Contactos: correo y celular. Datos personales: proteger la hoja y no compartirla.
B8: Diccionario: qué significa cada columna, sus valores posibles y un ejemplo.
B10: Opción 1 — Planilla de Google (recomendada, sin costo)
B11: 1. Subí este archivo al Drive de la cuenta de Gmail del proyecto y abrilo con Hojas de cálculo de Google (Archivo > Guardar como Hojas de cálculo de Google).
B12: 2. En esa planilla: Extensiones > Apps Script. Borrá lo que aparece, pegá el contenido de Codigo.gs y cambiá la clave de la línea TOKEN.
B13: 3. Implementar > Nueva implementación > tipo «Aplicación web». Ejecutar como: Yo. Quién tiene acceso: Cualquier usuario. Autorizá los permisos.
B14: 4. Copiá la URL que termina en /exec y pegala, junto con la clave, en Ajustes de cada celular. Tocá «Probar conexión».
... B28: Las preguntas de opción múltiple se guardan separadas por «; » (por ejemplo: «Español; Portugués»).

Sheet Tablero
B1: Tablero · Conductores de camiones del Corredor Bioceánico (Jujuy)
B2: DATOS FICTICIOS DE EJEMPLO. Para usar la planilla real, partí de Base_Relevamiento_Tablero.xlsx.
B4: Indicadores generales
B5: Indicador | C5: Valor
B6: Relevamientos recibidos | C6: =COUNTA(Datos!$A$2:$A$3000)
B7: Participantes únicos (por ID) | C7: =IFERROR(SUMPRODUCT((Datos!$B$2:$B$3000<>"")/COUNTIF(Datos!$B$2:$B$3000,Datos!$B$2:$B$3000&"")),0)
B8: Relevamientos finalizados | C8: =COUNTIF(Datos!$T$2:$T$3000,"finalizado")
B9: Con sociodemográfica completa | C9: =COUNTIF(Datos!$Q$2:$Q$3000,"Sí")
B10: Con biológica completa | C10: =COUNTIF(Datos!$R$2:$R$3000,"Sí")
B11: Con glucometría realizada | C11: =COUNTIF(Datos!$S$2:$S$3000,"Sí")
B12: Primer relevamiento | C12: =IF(COUNT(Datos!$G$2:$G$3000)=0,"",MIN(Datos!$G$2:$G$3000))
B13: Último relevamiento | C13: =IF(COUNT(Datos!$G$2:$G$3000)=0,"",MAX(Datos!$G$2:$G$3000))
B15: Avance por equipo
B16: Las celdas amarillas son editables: escribí la letra de cada equipo tal como se cargó en Ajustes.
B17: Equipo | C17: Relevamientos | D17: Finalizados | E17: Con biológica | F17: Último
B18: A | C18: =IF(B18="","",COUNTIF(Datos!$J$2:$J$3000,B18)) | D18: =IF(B18="","",COUNTIFS(Datos!$J$2:$J$3000,B18,Datos!$T$2:$T$3000,"finalizado")) | E18: =IF(B18="","",COUNTIFS(Datos!$J$2:$J$3000,B18,Datos!$R$2:$R$3000,"Sí")) | F18: =IF(OR(B18="",COUNTIF(Datos!$J$2:$J$3000,B18)=0),"",_xlfn.MAXIFS(Datos!$G$2:$G$3000,Datos!$J$2:$J$3000,B18))
B19: B | C19: =IF(B19="","",COUNTIF(Datos!$J$2:$J$3000,B19)) | D19: =IF(B19="","",COUNTIFS(Datos!$J$2:$J$3000,B19,Datos!$T$2:$T$3000,"finalizado")) | E19: =IF(B19="","",COUNTIFS(Datos!$J$2:$J$3000,B19,Datos!$R$2:$R$3000,"Sí")) | F19: =IF(OR(B19="",COUNTIF(Datos!$J$2:$J$3000,B19)=0),"",_xlfn.MAXIFS(Datos!$G$2:$G$3000,Datos!$J$2:$J$3000,B19))
B20: C | C20: =IF(B20="","",COUNTIF(Datos!$J$2:$J$3000,B20)) | D20: =IF(B20="","",COUNTIFS(Datos!$J$2:$J$3000,B20,Datos!$T$2:$T$3000,"finalizado")) | E20: =IF(B20="","",COUNTIFS(Datos!$J$2:$J$3000,B20,Datos!$R$2:$R$3000,"Sí")) | F20: =IF(OR(B20="",COUNTIF(Datos!$J$2:$J$3000,B20)=0),"",_xlfn.MAXIFS(Datos!$G$2:$G$3000,Datos!$J$2:$J$3000,B20))
B21: D | C21: =IF(B21="","",COUNTIF(Datos!$J$2:$J$3000,B21)) | D21: =IF(B21="","",COUNTIFS(Datos!$J$2:$J$3000,B21,Datos!$T$2:$T$3000,"finalizado")) | E21: =IF(B21="","",COUNTIFS(Datos!$J$2:$J$3000,B21,Datos!$R$2:$R$3000,"Sí")) | F21: =IF(OR(B21="",COUNTIF(Datos!$J$2:$J$3000,B21)=0),"",_xlfn.MAXIFS(Datos!$G$2:$G$3000,Datos!$J$2:$J$3000,B21))
B22: E | C22: =IF(B22="","",COUNTIF(Datos!$J$2:$J$3000,B22)) | D22: =IF(B22="","",COUNTIFS(Datos!$J$2:$J$3000,B22,Datos!$T$2:$T$3000,"finalizado")) | E22: =IF(B22="","",COUNTIFS(Datos!$J$2:$J$3000,B22,Datos!$R$2:$R$3000,"Sí")) | F22: =IF(OR(B22="",COUNTIF(Datos!$J$2:$J$3000,B22)=0),"",_xlfn.MAXIFS(Datos!$G$2:$G$3000,Datos!$J$2:$J$3000,B22))
B24: Promedios
B25: La glucemia promedia mediciones con distintos tiempos de ayuno: usarla solo como referencia.
B26: Variable | C26: Total | D26: Varón | E26: Mujer | F26: n
B27: Edad (años) | C27: =IFERROR(AVERAGE(Datos!$E$2:$E$3000),"") | D27: =IFERROR(AVERAGEIFS(Datos!$E$2:$E$3000,Datos!$BX$2:$BX$3000,"Varón"),"") | E27: =IFERROR(AVERAGEIFS(Datos!$E$2:$E$3000,Datos!$BX$2:$BX$3000,"Mujer"),"") | F27: =COUNT(Datos!$E$2:$E$3000)
B28: IMC (kg/m²) | C28: =IFERROR(AVERAGE(Datos!$CA$2:$CA$3000),"") | D28: =IFERROR(AVERAGEIFS(Datos!$CA$2:$CA$3000,Datos!$BX$2:$BX$3000,"Varón"),"") | E28: =IFERROR(AVERAGEIFS(Datos!$CA$2:$CA$3000,Datos!$BX$2:$BX$3000,"Mujer"),"") | F28: =COUNT(Datos!$CA$2:$CA$3000)
B29: Perímetro abdominal (cm) | C29: =IFERROR(AVERAGE(Datos!$CB$2:$CB$3000),"") | D29: =IFERROR(AVERAGEIFS(Datos!$CB$2:$CB$3000,Datos!$BX$2:$BX$3000,"Varón"),"") | E29: =IFERROR(AVERAGEIFS(Datos!$CB$2:$CB$3000,Datos!$BX$2:$BX$3000,"Mujer"),"") | F29: =COUNT(Datos!$CB$2:$CB$3000)
B30: Presión sistólica (mmHg) | C30: =IFERROR(AVERAGE(Datos!$CC$2:$CC$3000),"") | D30: =IFERROR(AVERAGEIFS(Datos!$CC$2:$CC$3000,Datos!$BX$2:$BX$3000,"Varón"),"") | E30: =IFERROR(AVERAGEIFS(Datos!$CC$2:$CC$3000,Datos!$BX$2:$BX$3000,"Mujer"),"") | F30: =COUNT(Datos!$CC$2:$CC$3000)
B31: Glucemia periférica (mg/dL) | C31: =IFERROR(AVERAGE(Datos!$CP$2:$CP$3000),"") | D31: =IFERROR(AVERAGEIFS(Datos!$CP$2:$CP$3000,Datos!$BX$2:$BX$3000,"Varón"),"") | E31: =IFERROR(AVERAGEIFS(Datos!$CP$2:$CP$3000,Datos!$BX$2:$BX$3000,"Mujer"),"") | F31: =COUNT(Datos!$CP$2:$CP$3000)
B32: Años como chofer | C32: =IFERROR(AVERAGE(Datos!$AJ$2:$AJ$3000),"") | D32: =IFERROR(AVERAGEIFS(Datos!$AJ$2:$AJ$3000,Datos!$BX$2:$BX$3000,"Varón"),"") | E32: =IFERROR(AVERAGEIFS(Datos!$AJ$2:$AJ$3000,Datos!$BX$2:$BX$3000,"Mujer"),"") | F32: =COUNT(Datos!$AJ$2:$AJ$3000)
B33: Horas de conducción sin paradas | C33: =IFERROR(AVERAGE(Datos!$AT$2:$AT$3000),"") | D33: =IFERROR(AVERAGEIFS(Datos!$AT$2:$AT$3000,Datos!$BX$2:$BX$3000,"Varón"),"") | E33: =IFERROR(AVERAGEIFS(Datos!$AT$2:$AT$3000,Datos!$BX$2:$BX$3000,"Mujer"),"") | F33: =COUNT(Datos!$AT$2:$AT$3000)
B34: Horas de sueño por día | C34: =IFERROR(AVERAGE(Datos!$AX$2:$AX$3000),"") | D34: =IFERROR(AVERAGEIFS(Datos!$AX$2:$AX$3000,Datos!$BX$2:$BX$3000,"Varón"),"") | E34: =IFERROR(AVERAGEIFS(Datos!$AX$2:$AX$3000,Datos!$BX$2:$BX$3000,"Mujer"),"") | F34: =COUNT(Datos!$AX$2:$AX$3000)
B36: Riesgo de diabetes a 10 años (FINDRISK)
B37: Solo personas sin diagnóstico de diabetes y con sexo mujer o varón.
B38: Categoría | C38: n | D38: % | E38: Varón (n) | F38: Mujer (n)
B39: Bajo | C39: =COUNTIF(Datos!$CT$2:$CT$3000,"Bajo") | D39: =IF($C$44=0,"",C39/$C$44) | E39: =COUNTIFS(Datos!$CT$2:$CT$3000,"Bajo",Datos!$BX$2:$BX$3000,"Varón") | F39: =COUNTIFS(Datos!$CT$2:$CT$3000,"Bajo",Datos!$BX$2:$BX$3000,"Mujer")
B40: Ligeramente elevado | C40: =COUNTIF(Datos!$CT$2:$CT$3000,"Ligeramente elevado") | D40: =IF($C$44=0,"",C40/$C$44) | E40: =COUNTIFS(Datos!$CT$2:$CT$3000,"Ligeramente elevado",Datos!$BX$2:$BX$3000,"Varón") | F40: =COUNTIFS(Datos!$CT$2:$CT$3000,"Ligeramente elevado",Datos!$BX$2:$BX$3000,"Mujer")
B41: Moderado | C41: =COUNTIF(Datos!$CT$2:$CT$3000,"Moderado") | D41: =IF($C$44=0,"",C41/$C$44) | E41: =COUNTIFS(Datos!$CT$2:$CT$3000,"Moderado",Datos!$BX$2:$BX$3000,"Varón") | F41: =COUNTIFS(Datos!$CT$2:$CT$3000,"Moderado",Datos!$BX$2:$BX$3000,"Mujer")
B42: Alto | C42: =COUNTIF(Datos!$CT$2:$CT$3000,"Alto") | D42: =IF($C$44=0,"",C42/$C$44) | E42: =COUNTIFS(Datos!$CT$2:$CT$3000,"Alto",Datos!$BX$2:$BX$3000,"Varón") | F42: =COUNTIFS(Datos!$CT$2:$CT$3000,"Alto",Datos!$BX$2:$BX$3000,"Mujer")
B43: Muy alto | C43: =COUNTIF(Datos!$CT$2:$CT$3000,"Muy alto") | D43: =IF($C$44=0,"",C43/$C$44) | E43: =COUNTIFS(Datos!$CT$2:$CT$3000,"Muy alto",Datos!$BX$2:$BX$3000,"Varón") | F43: =COUNTIFS(Datos!$CT$2:$CT$3000,"Muy alto",Datos!$BX$2:$BX$3000,"Mujer")
B44: Respondieron | C44: =COUNTA(Datos!$CT$2:$CT$3000) | E44: =SUM(E39:E43) | F44: =SUM(F39:F43)
B50: Riesgo cardiovascular a 10 años (Framingham con IMC)
B51: Bajo: menos de 10 %. Moderado: 10 a 19 %. Alto: 20 % o más. Edades de 20 a 79 años.
B52: Categoría | C52: n | D52: % | E52: Varón (n) | F52: Mujer (n)
B53: Bajo | C53: =COUNTIF(Datos!$CY$2:$CY$3000,"Bajo") | D53: =IF($C$56=0,"",C53/$C$56) | E53: =COUNTIFS(Datos!$CY$2:$CY$3000,"Bajo",Datos!$BX$2:$BX$3000,"Varón") | F53: =COUNTIFS(Datos!$CY$2:$CY$3000,"Bajo",Datos!$BX$2:$BX$3000,"Mujer")
B54: Moderado | C54: =COUNTIF(Datos!$CY$2:$CY$3000,"Moderado") | D54: =IF($C$56=0,"",C54/$C$56) | E54: =COUNTIFS(Datos!$CY$2:$CY$3000,"Moderado",Datos!$BX$2:$BX$3000,"Varón") | F54: =COUNTIFS(Datos!$CY$2:$CY$3000,"Moderado",Datos!$BX$2:$BX$3000,"Mujer")
B55: Alto | C55: =COUNTIF(Datos!$CY$2:$CY$3000,"Alto") | D55: =IF($C$56=0,"",C55/$C$56) | E55: =COUNTIFS(Datos!$CY$2:$CY$3000,"Alto",Datos!$BX$2:$BX$3000,"Varón") | F55: =COUNTIFS(Datos!$CY$2:$CY$3000,"Alto",Datos!$BX$2:$BX$3000,"Mujer")
B56: Respondieron | C56: =COUNTA(Datos!$CY$2:$CY$3000) | E56: =SUM(E53:E55) | F56: =SUM(F53:F55)
B64: Estado nutricional según IMC
B65: Cortes de la OMS para adultos: <18,5 bajo peso; 18,5–24,9 normal; 25–29,9 sobrepeso; ≥30 obesidad.
B66: Categoría | C66: n | D66: %
B67: Bajo peso | C67: =COUNTIFS(Datos!$CA$2:$CA$3000,"<18.5") | D67: =IF($C$71=0,"",C67/$C$71)
B68: Normal | C68: =COUNTIFS(Datos!$CA$2:$CA$3000,">=18.5",Datos!$CA$2:$CA$3000,"<25") | D68: =IF($C$71=0,"",C68/$C$71)
B69: Sobrepeso | C69: =COUNTIFS(Datos!$CA$2:$CA$3000,">=25",Datos!$CA$2:$CA$3000,"<30") | D69: =IF($C$71=0,"",C69/$C$71)
B70: Obesidad | C70: =COUNTIFS(Datos!$CA$2:$CA$3000,">=30") | D70: =IF($C$71=0,"",C70/$C$71)
B71: Con IMC registrado | C71: =COUNT(Datos!$CA$2:$CA$3000)
B78: Prevalencias (respuesta «Sí»)
B79: Indicador | C79: Sí (n) | D79: Respondieron | E79: %
B80: Fuma tabaco | C80: =COUNTIF(Datos!$CK$2:$CK$3000,"Sí") | D80: =COUNTA(Datos!$CK$2:$CK$3000) | E80: =IF(D80=0,"",C80/D80)
B81: Coquea | C81: =COUNTIF(Datos!$BS$2:$BS$3000,"Sí") | D81: =COUNTA(Datos!$BS$2:$BS$3000) | E81: =IF(D81=0,"",C81/D81)
B82: Consume alcohol (fuera del trabajo) | C82: =COUNTIF(Datos!$BT$2:$BT$3000,"Sí") | D82: =COUNTA(Datos!$BT$2:$BT$3000) | E82: =IF(D82=0,"",C82/D82)
B83: Diagnóstico de hipertensión | C83: =COUNTIF(Datos!$CG$2:$CG$3000,"Sí") | D83: =COUNTA(Datos!$CG$2:$CG$3000) | E83: =IF(D83=0,"",C83/D83)
B84: Diagnóstico de diabetes | C84: =COUNTIF(Datos!$BW$2:$BW$3000,"Sí") | D84: =COUNTA(Datos!$BW$2:$BW$3000) | E84: =IF(D84=0,"",C84/D84)
B85: Glucosa elevada alguna vez | C85: =COUNTIF(Datos!$CI$2:$CI$3000,"Sí") | D85: =COUNTA(Datos!$CI$2:$CI$3000) | E85: =IF(D85=0,"",C85/D85)
B86: Dolores corporales frecuentes | C86: =COUNTIF(Datos!$BJ$2:$BJ$3000,"Sí") | D86: =COUNTA(Datos!$BJ$2:$BJ$3000) | E86: =IF(D86=0,"",C86/D86)
B87: Siniestro vial en el último año | C87: =COUNTIF(Datos!$BD$2:$BD$3000,"Sí") | D87: =COUNTA(Datos!$BD$2:$BD$3000) | E87: =IF(D87=0,"",C87/D87)
B88: Cree que su trabajo es un riesgo para su salud | C88: =COUNTIF(Datos!$AS$2:$AS$3000,"Sí") | D88: =COUNTA(Datos!$AS$2:$AS$3000) | E88: =IF(D88=0,"",C88/D88)
B89: Actividad física diaria (≥30 min) | C89: =COUNTIF(Datos!$CE$2:$CE$3000,"Sí") | D89: =COUNTA(Datos!$CE$2:$CE$3000) | E89: =IF(D89=0,"",C89/D89)
B90: Frutas o verduras todos los días | C90: =COUNTIF(Datos!$CF$2:$CF$3000,"Sí") | D90: =COUNTA(Datos!$CF$2:$CF$3000) | E90: =IF(D90=0,"",C90/D90)
B100: Lugar de nacimiento
B101: Categoría | C101: n | D101: %
B102: Argentina | C102: =COUNTIF(Datos!$W$2:$W$3000,"Argentina") | D102: =IF($C$107=0,"",C102/$C$107)
B103: Brasil | C103: =COUNTIF(Datos!$W$2:$W$3000,"Brasil") | D103: =IF($C$107=0,"",C103/$C$107)
B104: Chile | C104: =COUNTIF(Datos!$W$2:$W$3000,"Chile") | D104: =IF($C$107=0,"",C104/$C$107)
B105: Paraguay | C105: =COUNTIF(Datos!$W$2:$W$3000,"Paraguay") | D105: =IF($C$107=0,"",C105/$C$107)
B106: Otro país | C106: =COUNTIF(Datos!$W$2:$W$3000,"Otro país") | D106: =IF($C$107=0,"",C106/$C$107)
B107: Respondieron | C107: =COUNTA(Datos!$W$2:$W$3000)
B114: Máximo nivel educativo alcanzado
B115: Categoría | C115: n | D115: %
B116: Primaria completa | C116: =COUNTIF(Datos!$Y$2:$Y$3000,"Primaria completa") | D116: =IF($C$123=0,"",C116/$C$123)
B117: Secundaria incompleta | C117: =COUNTIF(Datos!$Y$2:$Y$3000,"Secundaria incompleta") | D117: =IF($C$123=0,"",C117/$C$123)
B118: Secundaria completa | C118: =COUNTIF(Datos!$Y$2:$Y$3000,"Secundaria completa") | D118: =IF($C$123=0,"",C118/$C$123)
B119: Terciario incompleto | C119: =COUNTIF(Datos!$Y$2:$Y$3000,"Terciario incompleto") | D119: =IF($C$123=0,"",C119/$C$123)
B120: Terciario completo | C120: =COUNTIF(Datos!$Y$2:$Y$3000,"Terciario completo") | D120: =IF($C$123=0,"",C120/$C$123)
B121: Universitario incompleto | C121: =COUNTIF(Datos!$Y$2:$Y$3000,"Universitario incompleto") | D121: =IF($C$123=0,"",C121/$C$123)
B122: Universitario completo | C122: =COUNTIF(Datos!$Y$2:$Y$3000,"Universitario completo") | D122: =IF($C$123=0,"",C122/$C$123)
B123: Respondieron | C123: =COUNTA(Datos!$Y$2:$Y$3000)
B130: Recorrido que realiza
B131: Categoría | C131: n | D131: %
B132: Viaje provincial (Jujuy) | C132: =COUNTIF(Datos!$AK$2:$AK$3000,"Viaje provincial (Jujuy)") | D132: =IF($C$135=0,"",C132/$C$135)
B133: Viaje interprovincial | C133: =COUNTIF(Datos!$AK$2:$AK$3000,"Viaje interprovincial") | D133: =IF($C$135=0,"",C133/$C$135)
B134: Viaje internacional | C134: =COUNTIF(Datos!$AK$2:$AK$3000,"Viaje internacional") | D134: =IF($C$135=0,"",C134/$C$135)
B135: Respondieron | C135: =COUNTA(Datos!$AK$2:$AK$3000)
B144: Relación laboral
B145: Categoría | C145: n | D145: %
B146: Empleado | C146: =COUNTIF(Datos!$AP$2:$AP$3000,"Empleado") | D146: =IF($C$149=0,"",C146/$C$149)
B147: Dueño del camión | C147: =COUNTIF(Datos!$AP$2:$AP$3000,"Dueño del camión") | D147: =IF($C$149=0,"",C147/$C$149)
B148: Otro | C148: =COUNTIF(Datos!$AP$2:$AP$3000,"Otro") | D148: =IF($C$149=0,"",C148/$C$149)
B149: Respondieron | C149: =COUNTA(Datos!$AP$2:$AP$3000)
B158: Estado de las rutas en Jujuy
B159: Categoría | C159: n | D159: %
...

Sheet Datos
A1: id | B1: participante_id | C1: codigo | D1: orden | E1: edad | F1: cp | G1: fecha | H1: hora_inicio | I1: hora_fin | J1: equipo | K1: dispositivo | L1: encuestador | M1: puesto | N1: consentimiento | O1: comparte_app | P1: socio_respondidas | Q1: socio_completo | R1: bio_completo | S1: gluc_realizada | T1: estado | U1: version_instrumento | V1: modificado | W1: p01_nac_pais | X1: p01_nac_detalle | Y1: p02_educacion | Z1: p03_pareja | AA1: p04_convive | AB1: p05_a_cargo | AC1: p06_idiomas_entiende | AD1: p06_otro | AE1: p07_idiomas_habla | AF1: p07_otro | AG1: p08_licencia | AH1: p08_lic_otro | AI1: p09_rutas_jujuy | AJ1: p10_anios_chofer | AK1: p11_recorrido | AL1: p12_frec_corredor | AM1: p12_frec_corredor_otro | AN1: p12_frec_jujuy | AO1: p12_frec_jujuy_otro | AP1: p13_relacion_laboral | AQ1: p13_otro | AR1: p14_conformidad | AS1: p15_riesgo_salud | AT1: p16_horas_sin_parar | AU1: p17_paradas | AV1: p18_donde_come | AW1: p18_otro | AX1: p19_horas_sueno | AY1: p20_frutas_verduras | AZ1: p21_bebidas | BA1: p21_otro | BB1: p22_sanitarios | BC1: p23_recreativas | BD1: p24_siniestro | BE1: p25_fin_de_mes | BF1: p26_cobertura | BG1: p27_control_medico | BH1: p28_frec_consulta | BI1: p29_atencion_dolencias | BJ1: p30_dolores | BK1: p30_cuales | BL1: p31_automedicacion | BM1: p32_cuales_med | BN1: p33_diagnosticos | BO1: p33_otro | BP1: p34_actividad_fisica | BQ1: p35_energeticas | BR1: p35_otro | BS1: p36_coquea | BT1: p37_alcohol | BU1: p38_comunicacion | BV1: p39_comparte_trayectos | BW1: b_dbt_dx | BX1: b_sexo | BY1: b_peso_kg | BZ1: b_altura_m | CA1: b_imc | CB1: b_perimetro_cm | CC1: b_pas_mmhg | CD1: b_pad_mmhg | CE1: b_act_fisica | CF1: b_fyv_diario | CG1: b_hta_dx | CH1: b_med_antihta | CI1: b_glucosa_previa | CJ1: b_antec_fam_dbt | CK1: b_fuma | CL1: g_acepta | CM1: g_hora_ingesta | CN1: g_que_ingirio | CO1: g_hora_medicion | CP1: g_resultado_mgdl | CQ1: g_ayuno_min | CR1: fr_aplica | CS1: fr_puntos | CT1: fr_categoria | CU1: fr_probabilidad | CV1: fh_aplica | CW1: fh_puntos | CX1: fh_riesgo | CY1: fh_categoria
A2: demo-1 | B2: B1-0001 | C2: 200-63-4630 | D2: 200 | E2: 63 | F2: 4630 | G2: 46290 | H2: 10:08 | J2: B | K2: 1 | L2: Encuestador B | M2: Puesto 2 | N2: Sí | O2: No | P2: 38 | Q2: Sí | R2: No | S2: No | T2: finalizado | U2: 2026-10-v2 | V2: 2026-09-25T15:00:00.000Z | W2: Chile | Y2: Secundaria incompleta | Z2: Sí | AA2: Más de 5 | AB2: 3 | AC2: Inglés; Portugués | AE2: Español | AG2: Argentina | AI2: Regular | AJ2: 6 | AK2: Viaje interprovincial | AL2: Una vez al mes | AN2: Diariamente | AP2: Empleado | AR2: Disconforme | AS2: Sí | AT2: 6.7 | AU2: Sí | AV2: Estaciones de servicio | AX2: 5.7 | AY2: Todos los días | AZ2: Jugos artificiales; Gaseosas | BB2: Sí, siempre | BC2: Sí | BD2: Sí | BE2: No | BF2: Obra social | BG2: Sistema público | BH2: 2 veces al año | BI2: Sistema público; Otros (medicina tradicional, alternativa, etc.) | BJ2: No | BL2: Ninguno | BN2: Musculoesqueléticos | BP2: Rara vez | BQ2: Café | BS2: No | BT2: Sí | BU2: A veces | BV2: Sí
A3: demo-2 | B3: B1-0002 | C3: 201-47-4400 | D3: 201 | E3: 47 | F3: 4400 | G3: 46302 | H3: 14:09 | J3: B | K3: 1 | L3: Encuestador B | M3: Puesto 1 | N3: Sí | O3: Sí | P3: 39 | Q3: Sí | R3: Sí | S3: Sí | T3: finalizado | U3: 2026-10-v2 | V3: 2026-10-07T15:00:00.000Z | W3: Argentina | Y3: Secundaria completa | Z3: No | AA3: 1 | AB3: 3 | AC3: Guaraní | AE3: Español | AG3: Argentina | AI3: Regular | AJ3: 19 | AK3: Viaje provincial (Jujuy) | AL3: Una vez a la semana | AN3: 2 veces por semana | AP3: Empleado | AR3: Disconforme | AS3: Sí | AT3: 2.2 | AU3: Sí | AV3: En el camión al costado de la ruta | AX3: 5.7 | AY3: Varias veces por semana | AZ3: Café; Mate | BB3: Casi nunca | BC3: Sí | BD3: Sí | BE3: Parcialmente | BF3: Obra social | BG3: Sistema público | BH3: Nunca | BI3: Sistema público; Otros (medicina tradicional, alternativa, etc.) | BJ3: Sí | BK3: Cervical | BL3: Medicamentos | BM3: Ibuprofeno | BN3: No tengo diagnóstico de enfermedad | BP3: Una vez a la semana | BQ3: Café | BS3: Sí | BT3: Sí | BU3: A veces | BV3: No | BW3: No | BX3: Varón | BY3: 91.7 | BZ3: 1.74 | CA3: 30.3 | CB3: 97 | CC3: 155 | CD3: 98 | CE3: No | CF3: No | CG3: No | CH3: No | CI3: Sí | CJ3: No | CK3: Sí | CL3: Sí | CM3: 07:40 | CN3: Mate | CO3: 11:30 | CP3: 100 | CQ3: 230 | CR3: Sí | CS3: 16 | CT3: Alto | CU3: 33 % | CV3: Sí | CW3: 11 | CX3: 8 | CY3: Bajo
A4: demo-3 | B4: C1-0003 | C4: 402-61-4400 | D4: 402 | E4: 61 | F4: 4400 | G4: 46302 | H4: 16:08 | J4: C | K4: 1 | L4: Encuestador C | M4: Puesto 1 | N4: Sí | O4: Sí | P4: 39 | Q4: Sí | R4: Sí | S4: Sí | T4: finalizado | U4: 2026-10-v2 | V4: 2026-10-07T15:00:00.000Z | W4: Argentina | Y4: Universitario incompleto | Z4: Sí | AA4: 4 | AB4: Más de 5 | AC4: Inglés | AE4: Español | AG4: Argentina | AI4: Regular | AJ4: 5 | AK4: Viaje internacional | AL4: Una vez a la semana | AN4: Una vez a la semana | AP4: Empleado | AR4: Disconforme | AS4: Sí | AT4: 4 | AU4: Sí | AV4: En el camión al costado de la ruta | AX4: 6.5 | AY4: Todos los días | AZ4: Jugos artificiales; Café; Agua | BB4: Sí, siempre | BC4: Algunas veces | BD4: No | BE4: Parcialmente | BF4: Obra social | BG4: Sistema público | BH4: 2 veces al año | BI4: Sistema privado | BJ4: Sí | BK4: Cervical | BL4: Medicamentos | BM4: Ibuprofeno | BN4: No tengo diagnóstico de enfermedad | BP4: Rara vez | BQ4: Energizantes (Speed, Monster, Red Bull, etc.) | BS4: Sí | BT4: Sí | BU4: Nunca | BV4: Sí | BW4: No | BX4: Varón | BY4: 85.9 | BZ4: 1.88 | CA4: 24.3 | CB4: 107 | CC4: 109 | CD4: 70 | CE4: No | CF4: Sí | CG4: No | CH4: Sí | CI4: No | CJ4: No | CK4: Sí | CL4: Sí | CM4: 07:24 | CN4: Mate | CO4: 13:30 | CP4: 87 | CQ4: 366 | CR4: Sí | CS4: 11 | CT4: Ligeramente elevado | CU4: 4 % | CV4: Sí | CW4: 11 | CX4: 8 | CY4: Bajo
A5: demo-4 | B5: A1-0004 | C5: 004-37-4612 | D5: 4 | E5: 37 | F5: 4612 | G5: 46290 | H5: 12:09 | J5: A | K5: 1 | L5: Encuestador A | M5: Puesto 1 | N5: Sí | O5: Sí | P5: 39 | Q5: Sí | R5: Sí | S5: Sí | T5: finalizado | U5: 2026-10-v2 | V5: 2026-09-25T15:00:00.000Z | W5: Argentina | Y5: Secundaria incompleta | Z5: Sí | AA5: 1 | AB5: 2 | AC5: Guaraní; Español | AE5: Español | AG5: Argentina | AI5: Regular | AJ5: 2 | AK5: Viaje interprovincial | AL5: Quincenalmente | AN5: 3 veces por semana | AP5: Empleado | AR5: Disconforme | AS5: Sí | AT5: 8.8 | AU5: Sí | AV5: Estaciones de servicio; Paradores | AX5: 6.1 | AY5: Casi nunca | AZ5: Gaseosas; Café | BB5: Nunca | BC5: No | BD5: No | BE5: Parcialmente | BF5: Obra social | BG5: Sistema privado | BH5: Una vez al año | BI5: Sistema público; Otros (medicina tradicional, alternativa, etc.) | BJ5: No | BL5: Medicamentos | BM5: Ibuprofeno | BN5: Musculoesqueléticos; Digestivas | BP5: Rara vez | BQ5: Café | BS5: No | BT5: No | BU5: A veces | BV5: No | BW5: No | BX5: Varón | BY5: 69.4 | BZ5: 1.7 | CA5: 24 | CB5: 82 | CC5: 138 | CD5: 88 | CE5: No | CF5: Sí | CG5: No | CH5: No | CI5: No | CJ5: No | CK5: Sí | CL5: Sí | CM5: 07:47 | CN5: Mate | CO5: 12:30 | CP5: 181 | CQ5: 283 | CR5: Sí | CS5: 2 | CT5: Bajo | CU5: 1 % | CV5: Sí | CW5: 5 | CX5: 2 | CY5: Bajo
A6: demo-5 | B6: C1-0005 | C6: 404-59-4600 | D6: 404 | E6: 59 | F6: 4600 | G6: 46294 | H6: 14:02 | J6: C | K6: 1 | L6: Encuestador C | M6: Puesto 2 | N6: Sí | O6: No | P6: 39 | Q6: Sí | R6: Sí | S6: Sí | T6: borrador | U6: 2026-10-v2 | V6: 2026-09-29T15:00:00.000Z | W6: Argentina | Y6: Primaria completa | Z6: Sí | AA6: 3 | AB6: 1 | AC6: Portugués | AE6: Español | AG6: Argentina | AI6: Malo | AJ6: 25 | AK6: Viaje interprovincial | AL6: Quincenalmente | AN6: 3 veces por semana | AP6: Otro | AR6: Parcialmente conforme | AS6: Sí | AT6: 4.7 | AU6: Sí | AV6: Paradores; Estaciones de servicio | AX6: 7.7 | AY6: Todos los días | AZ6: Agua; Jugos artificiales; Café | BB6: Nunca | BC6: No | BD6: No | BE6: Parcialmente | BF6: Obra social | BG6: Sistema público | BH6: Una vez al año | BI6: Sistema privado | BJ6: No | BL6: Medicamentos; Hierbas | BM6: Ibuprofeno | BN6: Musculoesqueléticos; Digestivas | BP6: Una vez a la semana | BQ6: Café | BS6: Sí | BT6: Sí | BU6: A veces | BV6: Sí | BW6: No | BX6: Varón | BY6: 88.2 | BZ6: 1.65 | CA6: 32.4 | CB6: 107 | CC6: 132 | CD6: 84 | CE6: No | CF6: Sí | CG6: Sí | CH6: No | CI6: No | CJ6: No | CK6: Sí | CL6: Sí | CM6: 07:27 | CN6: Mate | CO6: 12:30 | CP6: 131 | CQ6: 303 | CR6: Sí | CS6: 12 | CT6: Moderado | CU6: 17 % | CV6: Sí | CW6: 14 | CX6: 16 | CY6: Moderado
A7: demo-6 | B7: C1-0006 | C7: 405-58-4630 | D7: 405 | E7: 58 | F7: 4630 | G7: 46302 | H7: 10:07 | J7: C | K7: 1 | L7: Encuestador C | M7: Puesto 2 | N7: Sí | O7: No | P7: 38 | Q7: Sí | R7: Sí | S7: Sí | T7: finalizado | U7: 2026-10-v2 | V7: 2026-10-07T15:00:00.000Z | W7: Argentina | Y7: Secundaria incompleta | Z7: No | AA7: Más de 5 | AB7: 2 | AC7: Inglés | AE7: Español | AG7: Argentina | AI7: Malo | AJ7: 21 | AK7: Viaje interprovincial | AL7: 2 veces por semana | AN7: 3 veces por semana | AP7: Dueño del camión | AR7: Disconforme | AS7: Sí | AT7: 4.2 | AU7: Sí | AV7: En el camión al costado de la ruta | AX7: 7.3 | AY7: Todos los días | AZ7: Agua; Gaseosas | BB7: Casi nunca | BC7: Algunas veces | BD7: No | BE7: Sí | BF7: Obra social; Prepaga | BG7: Sistema público | BH7: Solo cuando me siento mal | BI7: Sistema público; Otros (medicina tradicional, alternativa, etc.) | BJ7: Sí | BK7: Cervical | BL7: Ninguno | BN7: Musculoesqueléticos; Digestivas | BP7: Nunca | BQ7: Café; Coca-Cola | BS7: No | BT7: No | BU7: Siempre | BV7: Sí | BW7: No | BX7: Varón | BY7: 77.8 | BZ7: 1.72 | CA7: 26.3 | CB7: 104 | CC7: 153 | CD7: 97 | CE7: No | CF7: No | CG7: Sí | CH7: Sí | CI7: No | CJ7: Sí, primer grado | CK7: Sí | CL7: Sí | CM7: 07:34 | CN7: Mate | CO7: 13:30 | CP7: 116 | CQ7: 356 | CR7: Sí | CS7: 18 | CT7: Alto | CU7: 33 % | CV7: Sí | CW7: 14 | CX7: 16 | CY7: Moderado
A8: demo-7 | B8: C1-0007 | C8: 406-41-4630 | D8: 406 | E8: 41 | F8: 4630 | G8: 46291 | H8: 16:00 | J8: C | K8: 1 | L8: Encuestador C | M8: Puesto 1 | N8: Sí | O8: Sí | P8: 39 | Q8: Sí | R8: Sí | S8: No | T8: finalizado | U8: 2026-10-v2 | V8: 2026-09-26T15:00:00.000Z | W8: Argentina | Y8: Secundaria completa | Z8: Sí | AA8: 4 | AB8: 3 | AC8: Inglés | AE8: Español | AG8: Argentina | AI8: Regular | AJ8: 10 | AK8: Viaje interprovincial | AL8: Una vez al mes | AN8: Diariamente | AP8: Empleado | AR8: Disconforme | AS8: Sí | AT8: 5.9 | AU8: Sí | AV8: Estaciones de servicio | AX8: 5.4 | AY8: Casi nunca | AZ8: Jugos artificiales | BB8: Sí, siempre | BC8: Algunas veces | BD8: No | BE8: Sí | BF8: Obra social | BG8: Ninguno | BH8: Una vez al año | BI8: Sistema público; Otros (medicina tradicional, alternativa, etc.) | BJ8: No | BL8: Medicamentos | BM8: Ibuprofeno | BN8: Musculoesqueléticos | BP8: 2 a 3 veces por semana | BQ8: Café | BS8: Sí | BT8: No | BU8: Siempre | BV8: No | BW8: No | BX8: Varón | BY8: 78.3 | BZ8: 1.77 | CA8: 25 | CB8: 88 | CC8: 134 | CD8: 85 | CE8: Sí | CF8: Sí | CG8: No | CH8: No | CI8: No | CJ8: No | CK8: Sí | CL8: No | CR8: Sí | CS8: 1 | CT8: Bajo | CU8: 1 % | CV8: Sí | CW8: 7 | CX8: 3 | CY8: Bajo
A9: demo-8 | B9: C1-0008 | C9: 407-51-4500 | D9: 407 | E9: 51 | F9: 4500 | G9: 46296 | H9: 12:02 | J9: C | K9: 1 | L9: Encuestador C | M9: Puesto 1 | N9: Sí | O9: Sí | P9: 38 | Q9: Sí | R9: Sí | S9: Sí | T9: finalizado | U9: 2026-10-v2 | V9: 2026-10-01T15:00:00.000Z | W9: Brasil | Y9: Secundaria completa | Z9: Sí | AA9: 4 | AB9: 5 | AC9: Inglés | AE9: Español | AG9: Argentina | AI9: Malo | AJ9: 13 | AK9: Viaje internacional | AL9: Quincenalmente | AN9: Diariamente | AP9: Otro | AR9: Disconforme | AS9: Sí | AT9: 3.9 | AU9: Sí | AV9: Paradores | AX9: 5.1 | AY9: Todos los días | AZ9: Jugos artificiales | BB9: A veces | BC9: Rara vez | BD9: No | BE9: Sí | BF9: Ninguna | BG9: Sistema privado | BH9: Nunca | BI9: Sistema privado | BJ9: No | BL9: Ninguno | BN9: No tengo diagnóstico de enfermedad | BP9: Una vez a la semana | BQ9: Café; Coca-Cola | BS9: Sí | BT9: Sí | BU9: Nunca | BV9: No | BW9: No | BX9: Varón | BY9: 76.4 | BZ9: 1.78 | CA9: 24.1 | CB9: 89 | CC9: 141 | CD9: 89 | CE9: Sí | CF9: No | CG9: No | CH9: No | CI9: No | CJ9: No | CK9: No | CL9: Sí | CM9: 07:47 | CN9: Mate | CO9: 11:30 | CP9: 180 | CQ9: 223 | CR9: Sí | CS9: 3 | CT9: Bajo | CU9: 1 % | CV9: Sí | CW9: 7 | CX9: 3 | CY9: Bajo
A10: demo-9 | B10: A1-0009 | C10: 009-43-4630 | D10: 9 | E10: 43 | F10: 4630 | G10: 46295 | H10: 13:05 | J10: A | K10: 1 | L10: Encuestador A | M10: Puesto 2 | N10: Sí | O10: Sí | P10: 39 | Q10: Sí | R10: Sí | S10: No | T10: finalizado | U10: 2026-10-v2 | V10: 2026-09-30T15:00:00.000Z | W10: Argentina | Y10: Universitario completo | Z10: Sí | AA10: 2 | AB10: 2 | AC10: Español | AE10: Español | AG10: Argentina | AI10: Regular | AJ10: 1 | AK10: Viaje internacional | AL10: Una vez a la semana | AN10: Una vez a la semana | AP10: Dueño del camión | AR10: Disconforme | AS10: Sí | AT10: 2.1 | AU10: Sí | AV10: Paradores | AX10: 6.7 | AY10: Varias veces por semana | AZ10: Agua; Mate | BB10: A veces | BC10: No | BD10: No | BE10: No | BF10: Obra social | BG10: Sistema público | BH10: Solo cuando me siento mal | BI10: Sistema público | BJ10: Sí | BK10: Lumbar | BL10: Medicamentos | BM10: Ibuprofeno | BN10: No tengo diagnóstico de enfermedad | BP10: Una vez a la semana | BQ10: Café | BS10: Sí | BT10: Sí | BU10: Nunca | BV10: Sí | BW10: No | BX10: Varón | BY10: 98.1 | BZ10: 1.83 | CA10: 29.3 | CB10: 115 | CC10: 123 | CD10: 78 | CE10: No | CF10: Sí | CG10: No | CH10: No | CI10: Sí | CJ10: No | CK10: Sí | CL10: No | CR10: Sí | CS10: 12 | CT10: Moderado | CU10: 17 % | CV10: Sí | CW10: 6 | CX10: 2 | CY10: Bajo
A11: demo-10 | B11: C1-0010 | C11: 409-44-4600 | D11: 409 | E11: 44 | F11: 4600 | G11: 46296 | H11: 16:08 | J11: C | K11: 1 | L11: Encuestador C | M11: Puesto 2 | N11: Sí | O11: Sí | P11: 39 | Q11: Sí | R11: Sí | S11: Sí | T11: finalizado | U11: 2026-10-v2 | V11: 2026-10-01T15:00:00.000Z | W11: Argentina | Y11: Terciario incompleto | Z11: Sí | AA11: Más de 5 | AB11: 5 | AC11: Guaraní | AE11: Español | AG11: Argentina | AI11: Bueno | AJ11: 4 | AK11: Viaje provincial (Jujuy) | AL11: Una vez a la semana | AN11: Una vez a la semana | AP11: Dueño del camión | AR11: Parcialmente conforme | AS11: Sí | AT11: 3.6 | AU11: Sí | AV11: Paradores; En el camión al costado de la ruta | AX11: 6.2 | AY11: Nunca | AZ11: Mate; Gaseosas | BB11: Nunca | BC11: No | BD11: Sí | BE11: No | BF11: Seguro de salud | BG11: Ninguno | BH11: Solo cuando me siento mal | BI11: Sistema privado | BJ11: Sí | BK11: Cervical | BL11: Medicamentos | BM11: Ibuprofeno | BN11: Musculoesqueléticos | BP11: Nunca | BQ11: Yerba mate | BS11: Sí | BT11: Sí | BU11: Siempre | BV11: No | BW11: No | BX11: Varón | BY11: 88 | BZ11: 1.88 | CA11: 24.9 | CB11: 106 | CC11: 142 | CD11: 90 | CE11: No | CF11: No | CG11: No | CH11: No | CI11: Sí | CJ11: Sí, parientes lejanos | CK11: Sí | CL11: Sí | CM11: 07:36 | CN11: Mate | CO11: 12:30 | CP11: 107 | CQ11: 294 | CR11: Sí | CS11: 15 | CT11: Alto | CU11: 33 % | CV11: Sí | CW11: 6 | CX11: 2 | CY11: Bajo
A12: demo-11 | B12: A1-0011 | C12: 011-68-4612 | D12: 11 | E12: 68 | F12: 4612 | G12: 46301 | H12: 12:02 | J12: A | K12: 1 | L12: Encuestador A | M12: Puesto 1 | N12: Sí | O12: Sí | P12: 38 | Q12: Sí | R12: Sí | S12: Sí | T12: finalizado | U12: 2026-10-v2 | V12: 2026-10-06T15:00:00.000Z | W12: Argentina | Y12: Secundaria incompleta | Z12: No | AA12: 1 | AB12: 4 | AC12: Español | AE12: Español | AG12: Argentina | AI12: Muy malo | AJ12: 3 | AK12: Viaje interprovincial | AL12: Una vez al mes | AN12: 3 veces por semana | AP12: Empleado | AR12: Parcialmente conforme | AS12: Duda | AT12: 2.4 | AU12: Sí | AV12: En el camión al costado de la ruta | AX12: 8 | AY12: Nunca | AZ12: Gaseosas; Agua; Café | BB12: Nunca | BC12: No | BD12: No | BE12: No | BF12: Ninguna | BG12: Sistema privado | BH12: Una vez al año | BI12: Sistema público; Otros (medicina tradicional, alternativa, etc.) | BJ12: Sí | BK12: Rodillas | BL12: Ninguno | BN12: Obesidad | BP12: Una vez a la semana | BQ12: Yerba mate | BS12: Sí | BT12: No | BU12: Siempre | BV12: Sí | BW12: No | BX12: Varón | BY12: 94.9 | BZ12: 1.75 | CA12: 31 | CB12: 111 | CC12: 117 | CD12: 75 | CE12: No | CF12: Sí | CG12: Sí | CH12: No | CI12: No | CJ12: No | CK12: Sí | CL12: Sí | CM12: 07:17 | CN12: Mate | CO12: 13:30 | CP12: 113 | CQ12: 373 | CR12: Sí | CS12: 13 | CT12: Moderado | CU12: 17 % | CV12: Sí | CW12: 14 | CX12: 16 | CY12: Moderado
A13: demo-12 | B13: B1-0012 | C13: 211-26-4630 | D13: 211 | E13: 26 | F13: 4630 | G13: 46294 | H13: 12:05 | J13: B | K13: 1 | L13: Encuestador B | M13: Puesto 2 | N13: Sí | O13: Sí | P13: 38 | Q13: Sí | R13: Sí | S13: Sí | T13: finalizado | U13: 2026-10-v2 | V13: 2026-09-29T15:00:00.000Z | W13: Brasil | Y13: Terciario completo | Z13: No | AA13: 3 | AB13: Más de 5 | AC13: Guaraní | AE13: Español | AG13: Argentina | AI13: Regular | AJ13: 6 | AK13: Viaje internacional | AL13: Una vez a la semana | AN13: 3 veces por semana | AP13: Empleado | AR13: Parcialmente conforme | AS13: No | AT13: 8.3 | AU13: No | AV13: Estaciones de servicio | AX13: 7.9 | AY13: Todos los días | AZ13: Mate; Jugos artificiales; Gaseosas | BB13: A veces | BC13: Rara vez | BD13: Sí | BE13: Parcialmente | BF13: Obra social | BG13: Sistema público | BH13: Solo cuando me siento mal | BI13: Sistema público; Otros (medicina tradicional, alternativa, etc.) | BJ13: Sí | BK13: Lumbar | BL13: Ninguno | BN13: Obesidad | BP13: Rara vez | BQ13: No | BS13: No | BT13: No | BU13: Siempre | BV13: No | BW13: No | BX13: Varón | BY13: 95.7 | BZ13: 1.82 | CA13: 28.9 | CB13: 84 | CC13: 147 | CD13: 93 | CE13: Sí | CF13: Sí | CG13: No | CH13: No | CI13: No | CJ13: No | CK13: No | CL13: Sí | CM13: 07:13 | CN13: Mate | CO13: 11:30 | CP13: 178 | CQ13: 257 | CR13: Sí | CS13: 1 | CT13: Bajo | CU13: 1 % | CV13: Sí | CW13: -7 | CX13: <1 | CY13: Bajo
A14: demo-13 | B14: C1-0013 | C14: 412-38-4612 | D14: 412 | E14: 38 | F14: 4612 | G14: 46296 | H14: 13:04 | J14: C | K14: 1 | L14: Encuestador C | M14: Puesto 2 | N14: Sí | O14: Sí | P14: 39 | Q14: Sí | R14: Sí | S14: Sí | T14: borrador | U14: 2026-10-v2 | V14: 2026-10-01T15:00:00.000Z | W14: Paraguay | Y14: Secundaria completa | Z14: No | AA14: 1 | AB14: 1 | AC14: Guaraní; Español | AE14: Español | AG14: Argentina | AI14: Bueno | AJ14: 16 | AK14: Viaje interprovincial | AL14: Una vez al mes | AN14: Diariamente | AP14: Empleado | AR14: Conforme | AS14: Duda | AT14: 4.2 | AU14: Sí | AV14: En el camión al costado de la ruta | AX14: 6.3 | AY14: Nunca | AZ14: Gaseosas | BB14: Sí, siempre | BC14: Sí | BD14: No | BE14: Parcialmente | BF14: Obra social | BG14: Ninguno | BH14: Nunca | BI14: Sistema privado | BJ14: Sí | BK14: Rodillas | BL14: Medicamentos; Hierbas | BM14: Ibuprofeno | BN14: Obesidad | BP14: Nunca | BQ14: Café | BS14: No | BT14: No | BU14: Siempre | BV14: No | BW14: No | BX14: Varón | BY14: 65.1 | BZ14: 1.65 | CA14: 23.9 | CB14: 113 | CC14: 149 | CD14: 94 | CE14: No | CF14: No | CG14: Sí | CH14: No | CI14: No | CJ14: Sí, primer grado | CK14: No | CL14: Sí | CM14: 07:49 | CN14: Mate | CO14: 14:30 | CP14: 79 | CQ14: 401 | CR14: Sí | CS14: 12 | CT14: Moderado | CU14: 17 % | CV14: Sí | CW14: -3 | CX14: <1 | CY14: Bajo
A15: demo-14 | B15: A1-0014 | C15: 014-43-4400 | D15: 14 | E15: 43 | F15: 4400 | G15: 46301 | H15: 13:03 | J15: A | K15: 1 | L15: Encuestador A | M15: Puesto 1 | N15: Sí | O15: Sí | P15: 39 | Q15: Sí | R15: Sí | S15: Sí | T15: finalizado | U15: 2026-10-v2 | V15: 2026-10-06T15:00:00.000Z | W15: Brasil | Y15: Secundaria incompleta | Z15: Sí | AA15: 3 | AB15: 1 | AC15: Guaraní; Español | AE15: Español | AG15: Argentina | AI15: Muy malo | AJ15: 22 | AK15: Viaje provincial (Jujuy) | AL15: Quincenalmente | AN15: Una vez a la semana | AP15: Empleado | AR15: Disconforme | AS15: No | AT15: 4.6 | AU15: Sí | AV15: Estaciones de servicio | AX15: 5.5 | AY15: Nunca | AZ15: Gaseosas | BB15: A veces | BC15: Sí | BD15: No | BE15: Sí | BF15: Obra social | BG15: Ninguno | BH15: 2 veces al año | BI15: Sistema privado | BJ15: Sí | BK15: Rodillas | BL15: Medicamentos | BM15: Ibuprofeno | BN15: Musculoesqueléticos; Digestivas | BP15: Rara vez | BQ15: Energizantes (Speed, Monster, Red Bull, etc.) | BS15: No | BT15: Sí | BU15: Nunca | BV15: Sí | BW15: No | BX15: Varón | BY15: 75.7 | BZ15: 1.63 | CA15: 28.5 | CB15: 115 | CC15: 125 | CD15: 80 | CE15: Sí | CF15: No | CG15: No | CH15: No | CI15: No | CJ15: Sí, primer grado | CK15: No | CL15: Sí | CM15: 07:13 | CN15: Mate | CO15: 10:30 | CP15: 181 | CQ15: 197 | CR15: Sí | CS15: 11 | CT15: Ligeramente elevado | CU15: 4 % | CV15: Sí | CW15: 1 | CX15: 1 | CY15: Bajo
A16: demo-15 | B16: B1-0015 | C16: 214-59-4500 | D16: 214 | E16: 59 | F16: 4500 | G16: 46294 | H16: 11:03 | J16: B | K16: 1 | L16: Encuestador B | M16: Puesto 2 | N16: Sí | O16: Sí | P16: 39 | Q16: Sí | R16: Sí | S16: Sí | T16: finalizado | U16: 2026-10-v2 | V16: 2026-09-29T15:00:00.000Z | W16: Argentina | Y16: Secundaria incompleta | Z16: Sí | AA16: 3 | AB16: 1 | AC16: Guaraní | AE16: Español | AG16: Argentina | AI16: Regular | AJ16: 37 | AK16: Viaje provincial (Jujuy) | AL16: 2 veces por semana | AN16: 2 veces por semana | AP16: Dueño del camión | AR16: Parcialmente conforme | AS16: Duda | AT16: 2.1 | AU16: Sí | AV16: Paradores; En el camión al costado de la ruta | AX16: 6.9 | AY16: Varias veces por semana | AZ16: Jugos artificiales; Café | BB16: Nunca | BC16: Rara vez | BD16: Sí | BE16: No | BF16: Obra social | BG16: Sistema público | BH16: Solo cuando me siento mal | BI16: Sistema público; Otros (medicina tradicional, alternativa, etc.) | BJ16: Sí | BK16: Cervical | BL16: Medicamentos; Hierbas | BM16: Ibuprofeno | BN16: No tengo diagnóstico de enfermedad | BP16: Rara vez | BQ16: Energizantes (Speed, Monster, Red Bull, etc.) | BS16: Sí | BT16: Sí | BU16: A veces | BV16: No | BW16: Sí | BX16: Varón | BY16: 116.3 | BZ16: 1.8 | CA16: 35.9 | CB16: 78 | CC16: 146 | CD16: 93 | CE16: No | CF16: Sí | CG16: No | CH16: No | CI16: No | CJ16: No | CK16: No | CL16: Sí | CM16: 07:45 | CN16: Mate | CO16: 14:30 | CP16: 110 | CQ16: 405 | CR16: No | CV16: Sí | CW16: 14 | CX16: 16 | CY16: Moderado
A17: demo-16 | B17: C1-0016 | C17: 415-38-4500 | D17: 415 | E17: 38 | F17: 4500 | G17: 46295 | H17: 16:02 | J17: C | K17: 1 | L17: Encuestador C | M17: Puesto 1 | N17: Sí | O17: Sí | P17: 39 | Q17: Sí | R17: Sí | S17: Sí | T17: finalizado | U17: 2026-10-v2 | V17: 2026-09-30T15:00:00.000Z | W17: Brasil | Y17: Secundaria incompleta | Z17: Sí | AA17: Más de 5 | AB17: 3 | AC17: Portugués | AE17: Español | AG17: Argentina | AI17: Regular | AJ17: 6 | AK17: Viaje internacional | AL17: Quincenalmente | AN17: 2 veces por semana | AP17: Empleado | AR17: Parcialmente conforme | AS17: Duda | AT17: 7.8 | AU17: Sí | AV17: En el camión al costado de la ruta | AX17: 5.9 | AY17: Todos los días | AZ17: Gaseosas | BB17: Sí, siempre | BC17: Rara vez | BD17: No | BE17: No | BF17: Obra social | BG17: Sistema privado | BH17: Nunca | BI17: Sistema público; Otros (medicina tradicional, alternativa, etc.) | BJ17: Sí | BK17: Cervical | BL17: Medicamentos | BM17: Ibuprofeno | BN17: Obesidad | BP17: 2 a 3 veces por semana | BQ17: Energizantes (Speed, Monster, Red Bull, etc.) | BS17: Sí | BT17: Sí | BU17: Nunca | BV17: No | BW17: No | BX17: Varón | BY17: 57.1 | BZ17: 1.63 | CA17: 21.5 | CB17: 88 | CC17: 135 | CD17: 86 | CE17: Sí | CF17: No | CG17: Sí | CH17: No | CI17: No | CJ17: No | CK17: Sí | CL17: Sí | CM17: 07:28 | CN17: Mate | CO17: 11:30 | CP17: 146 | CQ17: 242 | CR17: Sí | CS17: 1 | CT17: Bajo | CU17: 1 % | CV17: Sí | CW17: 5 | CX17: 2 | CY17: Bajo
A18: demo-17 | B18: B1-0017 | C18: 216-28-4500 | D18: 216 | E18: 28 | F18: 4500 | G18: 46289 | H18: 16:08 | J18: B | K18: 1 | L18: Encuestador B | M18: Puesto 2 | N18: Sí | O18: Sí | P18: 38 | Q18: Sí | R18: Sí | S18: Sí | T18: finalizado | U18: 2026-10-v2 | V18: 2026-09-24T15:00:00.000Z | W18: Argentina | Y18: Terciario incompleto | Z18: Sí | AA18: Más de 5 | AB18: Más de 5 | AC18: Guaraní; Español | AE18: Español | AG18: Argentina | AI18: Muy malo | AJ18: 7 | AK18: Viaje internacional | AL18: Una vez a la semana | AN18: Una vez a la semana | AP18: Dueño del camión | AR18: Disconforme | AS18: Sí | AT18: 4 | AU18: Sí | AV18: En el camión al costado de la ruta; Paradores | AX18: 5.6 | AY18: Varias veces por semana | AZ18: Agua; Jugos artificiales | BB18: Sí, siempre | BC18: Algunas veces | BD18: No | BE18: Sí | BF18: Obra social | BG18: Sistema privado | BH18: Una vez al año | BI18: Sistema público; Otros (medicina tradicional, alternativa, etc.) | BJ18: Sí | BK18: Rodillas | BL18: Ninguno | BN18: Musculoesqueléticos | BP18: 2 a 3 veces por semana | BQ18: Yerba mate | BS18: Sí | BT18: Sí | BU18: Nunca | BV18: Sí | BW18: No | BX18: Varón | BY18: 94.2 | BZ18: 1.76 | CA18: 30.4 | CB18: 113 | CC18: 116 | CD18: 74 | CE18: Sí | CF18: Sí | CG18: No | CH18: No | CI18: No | CJ18: No | CK18: No | CL18: Sí | CM18: 07:44 | CN18: Mate | CO18: 11:30 | CP18: 136 | CQ18: 226 | CR18: Sí | CS18: 7 | CT18: Ligeramente elevado | CU18: 4 % | CV18: Sí | CW18: -6 | CX18: <1 | CY18: Bajo
A19: demo-18 | B19: B1-0018 | C19: 217-50-4600 | D19: 217 | E19: 50 | F19: 4600 | G19: 46290 | H19: 13:05 | J19: B | K19: 1 | L19: Encuestador B | M19: Puesto 2 | N19: Sí | O19: Sí | P19: 39 | Q19: Sí | R19: Sí | S19: Sí | T19: finalizado | U19: 2026-10-v2 | V19: 2026-09-25T15:00:00.000Z | W19: Chile | Y19: Primaria completa | Z19: Sí | AA19: 5 | AB19: 3 | AC19: Guaraní; Inglés | AE19: Español | AG19: Argentina | AI19: Regular | AJ19: 2 | AK19: Viaje internacional | AL19: Quincenalmente | AN19: Una vez a la semana | AP19: Dueño del camión | AR19: Conforme | AS19: Sí | AT19: 3.8 | AU19: Sí | AV19: Paradores | AX19: 5.4 | AY19: Todos los días | AZ19: Gaseosas; Agua | BB19: Nunca | BC19: Rara vez | BD19: No | BE19: No | BF19: Obra social | BG19: Sistema público | BH19: Solo cuando me siento mal | BI19: Sistema privado | BJ19: No | BL19: Medicamentos; Hierbas | BM19: Ibuprofeno | BN19: No tengo diagnóstico de enfermedad | BP19: Rara vez | BQ19: Energizantes (Speed, Monster, Red Bull, etc.) | BS19: Sí | BT19: Sí | BU19: A veces | BV19: Sí | BW19: Sí | BX19: Varón | BY19: 79.7 | BZ19: 1.87 | CA19: 22.8 | CB19: 88 | CC19: 110 | CD19: 70 | CE19: Sí | CF19: No | CG19: No | CH19: No | CI19: No | CJ19: No | CK19: Sí | CL19: Sí | CM19: 07:24 | CN19: Mate | CO19: 11:30 | CP19: 99 | CQ19: 246 | CR19: No | CV19: Sí | CW19: 12 | CX19: 10 | CY19: Moderado
A20: demo-19 | B20: C1-0019 | C20: 418-42-4630 | D20: 418 | E20: 42 | F20: 4630 | G20: 46290 | H20: 17:06 | J20: C | K20: 1 | L20: Encuestador C | M20: Puesto 1 | N20: Sí | O20: Sí | P20: 39 | Q20: Sí | R20: Sí | S20: Sí | T20: finalizado | U20: 2026-10-v2 | V20: 2026-09-25T15:00:00.000Z | W20: Argentina | Y20: Secundaria incompleta | Z20: Sí | AA20: 3 | AB20: Más de 5 | AC20: Guaraní; Portugués | AE20: Español | AG20: Argentina | AI20: Bueno | AJ20: 8 | AK20: Viaje interprovincial | AL20: Una vez a la semana | AN20: Una vez a la semana | AP20: Empleado | AR20: Disconforme | AS20: Sí | AT20: 7.3 | AU20: Sí | AV20: Paradores | AX20: 5.7 | AY20: Todos los días | AZ20: Jugos artificiales; Gaseosas | BB20: Nunca | BC20: Rara vez | BD20: No | BE20: Sí | BF20: Obra social | BG20: Sistema público | BH20: Nunca | BI20: Sistema público; Otros (medicina tradicional, alternativa, etc.) | BJ20: No | BL20: Medicamentos | BM20: Ibuprofeno | BN20: Obesidad | BP20: Nunca | BQ20: Café | BS20: Sí | BT20: No | BU20: Siempre | BV20: No | BW20: No | BX20: Mujer | BY20: 86 | BZ20: 1.59 | CA20: 34 | CB20: 96 | CC20: 124 | CD20: 79 | CE20: Sí | CF20: Sí | CG20: No | CH20: No | CI20: Sí | CJ20: Sí, parientes lejanos | CK20: Sí | CL20: Sí | CM20: 07:44 | CN20: Mate | CO20: 12:30 | CP20: 186 | CQ20: 286 | CR20: Sí | CS20: 15 | CT20: Alto | CU20: 33 % | CV20: Sí | CW20: 13 | CX20: 2 | CY20: Bajo
A21: demo-20 | B21: C1-0020 | C21: 419-62-4500 | D21: 419 | E21: 62 | F21: 4500 | G21: 46296 | H21: 16:08 | J21: C | K21: 1 | L21: Encuestador C | M21: Puesto 2 | N21: Sí | O21: Sí | P21: 38 | Q21: Sí | R21: Sí | S21: Sí | T21: finalizado | U21: 2026-10-v2 | V21: 2026-10-01T15:00:00.000Z | W21: Argentina | Y21: Secundaria completa | Z21: No | AA21: 5 | AB21: 5 | AC21: Portugués | AE21: Español | AG21: Argentina | AI21: Muy malo | AJ21: 27 | AK21: Viaje provincial (Jujuy) | AL21: Una vez a la semana | AN21: 3 veces por semana | AP21: Empleado | AR21: Conforme | AS21: Duda | AT21: 3.9 | AU21: Sí | AV21: Paradores | AX21: 6 | AY21: Todos los días | AZ21: Mate; Agua | BB21: A veces | BC21: Sí | BD21: Sí | BE21: Sí | BF21: Obra social; Prepaga | BG21: Ninguno | BH21: 2 veces al año | BI21: Sistema público | BJ21: No | BL21: Ninguno | BN21: Musculoesqueléticos; Digestivas | BP21: Nunca | BQ21: Café; Coca-Cola | BS21: Sí | BT21: Sí | BU21: Nunca | BV21: No | BW21: No | BX21: Varón | BY21: 57.7 | BZ21: 1.65 | CA21: 21.2 | CB21: 105 | CC21: 121 | CD21: 77 | CE21: No | CF21: Sí | CG21: No | CH21: No | CI21: No | CJ21: No | CK21: No | CL21: Sí | CM21: 07:44 | CN21: Mate | CO21: 11:30 | CP21: 85 | CQ21: 226 | CR21: Sí | CS21: 9 | CT21: Ligeramente elevado | CU21: 4 % | CV21: Sí | CW21: 10 | CX21: 6 | CY21: Bajo
A22: demo-21 | B22: A1-0021 | C22: 021-58-4630 | D22: 21 | E22: 58 | F22: 4630 | G22: 46294 | H22: 16:04 | J22: A | K22: 1 | L22: Encuestador A | M22: Puesto 2 | N22: Sí | O22: Sí | P22: 38 | Q22: Sí | R22: No | S22: No | T22: finalizado | U22: 2026-10-v2 | V22: 2026-09-29T15:00:00.000Z | W22: Argentina | Y22: Secundaria completa | Z22: Sí | AA22: 4 | AB22: 1 | AC22: Portugués | AE22: Español | AG22: Argentina | AI22: Muy bueno | AJ22: 38 | AK22: Viaje interprovincial | AL22: 2 veces por semana | AN22: Una vez a la semana | AP22: Empleado | AR22: Conforme | AS22: Duda | AT22: 5.3 | AU22: Sí | AV22: En el camión al costado de la ruta | AX22: 6.3 | AY22: Varias veces por semana | AZ22: Mate; Café | BB22: Casi nunca | BC22: No | BD22: No | BE22: Sí | BF22: Ninguna | BG22: Ninguno | BH22: 2 veces al año | BI22: Sistema público | BJ22: Sí | BK22: Rodillas | BL22: Ninguno | BN22: Musculoesqueléticos; Digestivas | BP22: Rara vez | BQ22: No | BS22: No | BT22: Sí | BU22: A veces | BV22: No
A23: demo-22 | B23: C1-0022 | C23: 421-56-4600 | D23: 421 | E23: 56 | F23: 4600 | G23: 46302 | H23: 10:02 | J23: C | K23: 1 | L23: Encuestador C | M23: Puesto 2 | N23: Sí | O23: Sí | P23: 39 | Q23: Sí | R23: Sí | S23: Sí | T23: borrador | U23: 2026-10-v2 | V23: 2026-10-07T15:00:00.000Z | W23: Chile | Y23: Terciario incompleto | Z23: Sí | AA23: Más de 5 | AB23: Más de 5 | AC23: Guaraní | AE23: Español | AG23: Argentina | AI23: Bueno | AJ23: 18 | AK23: Viaje internacional | AL23: Una vez al mes | AN23: Una vez a la semana | AP23: Empleado | AR23: Parcialmente conforme | AS23: No | AT23: 7 | AU23: Sí | AV23: En el camión al costado de la ruta | AX23: 5.2 | AY23: Varias veces por semana | AZ23: Mate; Agua | BB23: A veces | BC23: Sí | BD23: No | BE23: Sí | BF23: Ninguna | BG23: Ninguno | BH23: Solo cuando me siento mal | BI23: Sistema público; Otros (medicina tradicional, alternativa, etc.) | BJ23: Sí | BK23: Lumbar | BL23: Medicamentos | BM23: Ibuprofeno | BN23: No tengo diagnóstico de enfermedad | BP23: Rara vez | BQ23: Café | BS23: Sí | BT23: Sí | BU23: A veces | BV23: Sí | BW23: No | BX23: Varón | BY23: 75.5 | BZ23: 1.8 | CA23: 23.3 | CB23: 103 | CC23: 147 | CD23: 93 | CE23: No | CF23: No | CG23: No | CH23: No | CI23: No | CJ23: No | CK23: No | CL23: Sí | CM23: 07:10 | CN23: Mate | CO23: 14:30 | CP23: 174 | CQ23: 440 | CR23: Sí | CS23: 10 | CT23: Ligeramente elevado | CU23: 4 % | CV23: Sí | CW23: 9 | CX23: 5 | CY23: Bajo
A24: demo-23 | B24: C1-0023 | C24: 422-25-4500 | D24: 422 | E24: 25 | F24: 4500 | G24: 46296 | H24: 15:08 | J24: C | K24: 1 | L24: Encuestador C | M24: Puesto 1 | N24: Sí | O24: Sí | P24: 39 | Q24: Sí | R24: Sí | S24: Sí | T24: finalizado | U24: 2026-10-v2 | V24: 2026-10-01T15:00:00.000Z | W24: Paraguay | Y24: Universitario incompleto | Z24: No | AA24: 5 | AB24: 4 | AC24: Inglés; Guaraní | AE24: Español | AG24: Argentina | AI24: Muy malo | AJ24: 4 | AK24: Viaje interprovincial | AL24: Una vez a la semana | AN24: Diariamente | AP24: Empleado | AR24: Parcialmente conforme | AS24: No | AT24: 2.2 | AU24: Sí | AV24: En el camión al costado de la ruta | AX24: 7.9 | AY24: Todos los días | AZ24: Agua | BB24: A veces | BC24: No | BD24: No | BE24: No | BF24: Ninguna | BG24: Ninguno | BH24: 2 veces al año | BI24: Sistema privado | BJ24: No | BL24: Medicamentos | BM24: Ibuprofeno | BN24: Musculoesqueléticos; Digestivas | BP24: Nunca | BQ24: Café | BS24: Sí | BT24: Sí | BU24: Siempre | BV24: Sí | BW24: No | BX24: Varón | BY24: 90.4 | BZ24: 1.67 | CA24: 32.4 | CB24: 97 | CC24: 141 | CD24: 89 | CE24: No | CF24: Sí | CG24: No | CH24: No | CI24: No | CJ24: Sí, parientes lejanos | CK24: No | CL24: Sí | CM24: 07:44 | CN24: Mate | CO24: 11:30 | CP24: 81 | CQ24: 226 | CR24: Sí | CS24: 11 | CT24: Ligeramente elevado | CU24: 4 % | CV24: Sí | CW24: -5 | CX24: <1 | CY24: Bajo
A25: demo-24 | B25: A1-0024 | C25: 024-49-4400 | D25: 24 | E25: 49 | F25: 4400 | G25: 46289 | H25: 16:03 | J25: A | K25: 1 | L25: Encuestador A | M25: Puesto 2 | N25: Sí | O25: Sí | P25: 38 | Q25: Sí | R25: Sí | S25: Sí | T25: finalizado | U25: 2026-10-v2 | V25: 2026-09-24T15:00:00.000Z | W25: Brasil | Y25: Primaria completa | Z25: Sí | AA25: 1 | AB25: 5 | AC25: Guaraní; Español | AE25: Español | AG25: Argentina | AI25: Regular | AJ25: 25 | AK25: Viaje internacional | AL25: Una vez a la semana | AN25: Diariamente | AP25: Empleado | AR25: Conforme | AS25: Sí | AT25: 2.9 | AU25: Sí | AV25: En el camión al costado de la ruta | AX25: 4.8 | AY25: Nunca | AZ25: Café; Jugos artificiales; Mate | BB25: Sí, siempre | BC25: No | BD25: No | BE25: Sí | BF25: Ninguna | BG25: Ninguno | BH25: Una vez al año | BI25: Sistema público | BJ25: Sí | BK25: Rodillas | BL25: Ninguno | BN25: No tengo diagnóstico de enfermedad | BP25: 2 a 3 veces por semana | BQ25: Café; Coca-Cola | BS25: Sí | BT25: Sí | BU25: A veces | BV25: No | BW25: No | BX25: Varón | BY25: 90.1 | BZ25: 1.84 | CA25: 26.6 | CB25: 116 | CC25: 161 | CD25: 102 | CE25: Sí | CF25: Sí | CG25: Sí | CH25: No | CI25: No | CJ25: No | CK25: Sí | CL25: Sí | CM25: 07:10 | CN25: Mate | CO25: 12:30 | CP25: 117 | CQ25: 320 | CR25: Sí | CS25: 7 | CT25: Ligeramente elevado | CU25: 4 % | CV25: Sí | CW25: 11 | CX25: 8 | CY25: Bajo
A26: demo-25 | B26: A1-0025 | C26: 025-44-4630 | D26: 25 | E26: 44 | F26: 4630 | G26: 46289 | H26: 12:00 | J26: A | K26: 1 | L26: Encuestador A | M26: Puesto 2 | N26: Sí | O26: No | P26: 39 | Q26: Sí | R26: Sí | S26: Sí | T26: finalizado | U26: 2026-10-v2 | V26: 2026-09-24T15:00:00.000Z | W26: Argentina | Y26: Terciario incompleto | Z26: Sí | AA26: 5 | AB26: 5 | AC26: Español | AE26: Español | AG26: Argentina | AI26: Regular | AJ26: 6 | AK26: Viaje provincial (Jujuy) | AL26: Quincenalmente | AN26: Diariamente | AP26: Empleado | AR26: Conforme | AS26: Duda | AT26: 2.7 | AU26: Sí | AV26: Estaciones de servicio | AX26: 4.6 | AY26: Nunca | AZ26: Gaseosas; Agua | BB26: Sí, siempre | BC26: No | BD26: No | BE26: Sí | BF26: Obra social | BG26: Ninguno | BH26: Solo cuando me siento mal | BI26: Sistema privado | BJ26: Sí | BK26: Cervical | BL26: Medicamentos | BM26: Ibuprofeno | BN26: Musculoesqueléticos | BP26: Una vez a la semana | BQ26: Café | BS26: No | BT26: No | BU26: Nunca | BV26: Sí | BW26: No | BX26: Mujer | BY26: 63.4 | BZ26: 1.65 | CA26: 23.3 | CB26: 99 | CC26: 116 | CD26: 74 | CE26: No | CF26: No | CG26: No | CH26: No | CI26: No | CJ26: Sí, primer grado | CK26: Sí | CL26: Sí | CM26: 07:29 | CN26: Mate | CO26: 14:30 | CP26: 138 | CQ26: 421 | CR26: Sí | CS26: 12 | CT26: Moderado | CU26: 17 % | CV26: Sí | CW26: 8 | CX26: <1 | CY26: Bajo
A27: demo-26 | B27: B1-0026 | C27: 225-66-4400 | D27: 225 | E27: 66 | F27: 4400 | G27: 46294 | H27: 12:06 | J27: B | K27: 1 | L27: Encuestador B | M27: Puesto 2 | N27: Sí | O27: No | P27: 38 | Q27: Sí | R27: Sí | S27: No | T27: finalizado | U27: 2026-10-v2 | V27: 2026-09-29T15:00:00.000Z | W27: Argentina | Y27: Secundaria completa | Z27: No | AA27: 5 | AB27: 3 | AC27: Portugués | AE27: Español | AG27: Argentina | AI27: Regular | AJ27: 14 | AK27: Viaje internacional | AL27: 2 veces por semana | AN27: 3 veces por semana | AP27: Empleado | AR27: Parcialmente conforme | AS27: No | AT27: 2.5 | AU27: Sí | AV27: Estaciones de servicio | AX27: 7.2 | AY27: Todos los días | AZ27: Agua | BB27: Casi nunca | BC27: No | BD27: No | BE27: No | BF27: Obra social | BG27: Sistema privado | BH27: 2 veces al año | BI27: Sistema público; Otros (medicina tradicional, alternativa, etc.) | BJ27: Sí | BK27: Rodillas | BL27: Ninguno | BN27: Musculoesqueléticos; Digestivas | BP27: Una vez a la semana | BQ27: Energizantes (Speed, Monster, Red Bull, etc.) | BS27: Sí | BT27: No | BU27: Siempre | BV27: Sí | BW27: No | BX27: Varón | BY27: 69.6 | BZ27: 1.82 | CA27: 21 | CB27: 110 | CC27: 113 | CD27: 72 | CE27: Sí | CF27: No | CG27: Sí | CH27: No | CI27: No | CJ27: Sí, parientes lejanos | CK27: No | CL27: No | CR27: Sí | CS27: 12 | CT27: Moderado | CU27: 17 % | CV27: Sí | CW27: 11 | CX27: 8 | CY27: Bajo
A28: demo-27 | B28: B1-0027 | C28: 226-39-4612 | D28: 226 | E28: 39 | F28: 4612 | G28: 46295 | H28: 16:05 | J28: B | K28: 1 | L28: Encuestador B | M28: Puesto 2 | N28: Sí | O28: No | P28: 39 | Q28: Sí | R28: Sí | S28: Sí | T28: finalizado | U28: 2026-10-v2 | V28: 2026-09-30T15:00:00.000Z | W28: Argentina | Y28: Primaria completa | Z28: No | AA28: Más de 5 | AB28: 1 | AC28: Guaraní | AE28: Español | AG28: Argentina | AI28: Bueno | AJ28: 19 | AK28: Viaje interprovincial | AL28: 2 veces por semana | AN28: Diariamente | AP28: Dueño del camión | AR28: Conforme | AS28: Sí | AT28: 5.1 | AU28: Sí | AV28: En el camión al costado de la ruta | AX28: 4.7 | AY28: Nunca | AZ28: Gaseosas | BB28: A veces | BC28: Sí | BD28: Sí | BE28: Parcialmente | BF28: Ninguna | BG28: Sistema público | BH28: 2 veces al año | BI28: Sistema público | BJ28: No | BL28: Medicamentos; Hierbas | BM28: Ibuprofeno | BN28: Musculoesqueléticos; Digestivas | BP28: 2 a 3 veces por semana | BQ28: No | BS28: Sí | BT28: No | BU28: Nunca | BV28: No | BW28: Sí | BX28: Varón | BY28: 69.9 | BZ28: 1.7 | CA28: 24.2 | CB28: 92 | CC28: 155 | CD28: 98 | CE28: No | CF28: No | CG28: Sí | CH28: No | CI28: No | CJ28: No | CK28: No | CL28: Sí | CM28: 07:44 | CN28: Mate | CO28: 13:30 | CP28: 173 | CQ28: 346 | CR28: No | CV28: Sí | CW28: 0 | CX28: 1 | CY28: Bajo
A29: demo-28 | B29: B1-0028 | C29: 227-66-4600 | D29: 227 | E29: 66 | F29: 4600 | G29: 46302 | H29: 14:01 | J29: B | K29: 1 | L29: Encuestador B | M29: Puesto 2 | N29: Sí | O29: No | P29: 38 | Q29: Sí | R29: Sí | S29: Sí | T29: finalizado | U29: 2026-10-v2 | V29: 2026-10-07T15:00:00.000Z | W29: Paraguay | Y29: Secundaria completa | Z29: No | AA29: Más de 5 | AB29: 2 | AC29: Español | AE29: Español | AG29: Argentina | AI29: Regular | AJ29: 22 | AK29: Viaje internacional | AL29: Quincenalmente | AN29: 3 veces por semana | AP29: Empleado | AR29: Conforme | AS29: No | AT29: 4.8 | AU29: Sí | AV29: Estaciones de servicio | AX29: 6.1 | AY29: Todos los días | AZ29: Gaseosas; Jugos artificiales | BB29: Casi nunca | BC29: No | BD29: No | BE29: No | BF29: Obra social | BG29: Sistema privado | BH29: Una vez al año | BI29: Sistema público; Otros (medicina tradicional, alternativa, etc.) | BJ29: Sí | BK29: Cervical | BL29: Ninguno | BN29: No tengo diagnóstico de enfermedad | BP29: Nunca | BQ29: Café | BS29: Sí | BT29: No | BU29: A veces | BV29: Sí | BW29: Sí | BX29: Varón | BY29: 79.6 | BZ29: 1.86 | CA29: 23 | CB29: 111 | CC29: 134 | CD29: 85 | CE29: Sí | CF29: No | CG29: No | CH29: No | CI29: No | CJ29: Sí, parientes lejanos | CK29: Sí | CL29: Sí | CM29: 07:43 | CN29: Mate | CO29: 12:30 | CP29: 176 | CQ29: 287 | CR29: No | CV29: Sí | CW29: 16 | CX29: 25 | CY29: Alto
A30: demo-29 | B30: A1-0029 | C30: 029-42-4612 | D30: 29 | E30: 42 | F30: 4612 | G30: 46289 | H30: 11:08 | J30: A | K30: 1 | L30: Encuestador A | M30: Puesto 1 | N30: Sí | O30: Sí | P30: 38 | Q30: Sí | R30: Sí | S30: Sí | T30: finalizado | U30: 2026-10-v2 | V30: 2026-09-24T15:00:00.000Z | W30: Argentina | Y30: Secundaria completa | Z30: Sí | AA30: 2 | AB30: 5 | AC30: Inglés; Guaraní | AE30: Español | AG30: Argentina | AI30: Regular | AJ30: 7 | AK30: Viaje provincial (Jujuy) | AL30: Una vez al mes | AN30: 3 veces por semana | AP30: Empleado | AR30: Conforme | AS30: Sí | AT30: 8.6 | AU30: Sí | AV30: Estaciones de servicio | AX30: 4 | AY30: Casi nunca | AZ30: Agua; Mate | BB30: Sí, siempre | BC30: Algunas veces | BD30: No | BE30: Parcialmente | BF30: Obra social | BG30: Sistema público | BH30: 2 veces al año | BI30: Sistema público | BJ30: No | BL30: Ninguno | BN30: No tengo diagnóstico de enfermedad | BP30: 2 a 3 veces por semana | BQ30: Café; Coca-Cola | BS30: Sí | BT30: Sí | BU30: Nunca | BV30: Sí | BW30: No | BX30: Varón | BY30: 125.8 | BZ30: 1.88 | CA30: 35.6 | CB30: 79 | CC30: 121 | CD30: 77 | CE30: No | CF30: No | CG30: No | CH30: No | CI30: No | CJ30: No | CK30: Sí | CL30: Sí | CM30: 07:21 | CN30: Mate | CO30: 15:30 | CP30: 93 | CQ30: 489 | CR30: Sí | CS30: 6 | CT30: Bajo | CU30: 1 % | CV30: Sí | CW30: 7 | CX30: 3 | CY30: Bajo
A31: demo-30 | B31: C1-0030 | C31: 429-32-4612 | D31: 429 | E31: 32 | F31: 4612 | G31: 46290 | H31: 16:01 | J31: C | K31: 1 | L31: Encuestador C | M31: Puesto 1 | N31: Sí | O31: No | P31: 39 | Q31: Sí | R31: Sí | S31: Sí | T31: finalizado | U31: 2026-10-v2 | V31: 2026-09-25T15:00:00.000Z | W31: Argentina | Y31: Secundaria incompleta | Z31: Sí | AA31: 1 | AB31: 1 | AC31: Portugués | AE31: Español | AG31: Argentina | AI31: Malo | AJ31: 6 | AK31: Viaje interprovincial | AL31: Quincenalmente | AN31: Diariamente | AP31: Empleado | AR31: Parcialmente conforme | AS31: Duda | AT31: 2.2 | AU31: Sí | AV31: Estaciones de servicio | AX31: 5.6 | AY31: Casi nunca | AZ31: Gaseosas | BB31: Nunca | BC31: No | BD31: No | BE31: Parcialmente | BF31: Obra social | BG31: Sistema público | BH31: 2 veces al año | BI31: Sistema público | BJ31: No | BL31: Medicamentos; Hierbas | BM31: Ibuprofeno | BN31: Musculoesqueléticos; Digestivas | BP31: 2 a 3 veces por semana | BQ31: Café | BS31: Sí | BT31: Sí | BU31: Siempre | BV31: No | BW31: No | BX31: Varón | BY31: 109.1 | BZ31: 1.87 | CA31: 31.2 | CB31: 84 | CC31: 152 | CD31: 96 | CE31: Sí | CF31: No | CG31: No | CH31: No | CI31: No | CJ31: Sí, primer grado | CK31: Sí | CL31: Sí | CM31: 07:44 | CN31: Mate | CO31: 15:30 | CP31: 160 | CQ31: 466 | CR31: Sí | CS31: 9 | CT31: Ligeramente elevado | CU31: 4 % | CV31: Sí | CW31: 3 | CX31: 1 | CY31: Bajo
A32: demo-31 | B32: A1-0031 | C32: 031-28-4612 | D32: 31 | E32: 28 | F32: 4612 | G32: 46301 | H32: 15:06 | J32: A | K32: 1 | L32: Encuestador A | M32: Puesto 1 | N32: Sí | O32: Sí | P32: 38 | Q32: Sí | R32: Sí | S32: Sí | T32: finalizado | U32: 2026-10-v2 | V32: 2026-10-06T15:00:00.000Z | W32: Argentina | Y32: Secundaria completa | Z32: Sí | AA32: Más de 5 | AB32: 3 | AC32: Español | AE32: Español | AG32: Argentina | AI32: Bueno | AJ32: 8 | AK32: Viaje interprovincial | AL32: Una vez al mes | AN32: Diariamente | AP32: Otro | AR32: Parcialmente conforme | AS32: Sí | AT32: 5.6 | AU32: Sí | AV32: En el camión al costado de la ruta | AX32: 4.5 | AY32: Varias veces por semana | AZ32: Café; Jugos artificiales | BB32: A veces | BC32: No | BD32: No | BE32: No | BF32: Ninguna | BG32: Ninguno | BH32: Solo cuando me siento mal | BI32: Sistema público; Otros (medicina tradicional, alternativa, etc.) | BJ32: Sí | BK32: Cervical | BL32: Ninguno | BN32: No tengo diagnóstico de enfermedad | BP32: Una vez a la semana | BQ32: Café | BS32: No | BT32: Sí | BU32: A veces | BV32: Sí | BW32: No | BX32: Varón | BY32: 73.9 | BZ32: 1.67 | CA32: 26.5 | CB32: 109 | CC32: 156 | CD32: 99 | CE32: Sí | CF32: No | CG32: No | CH32: No | CI32: No | CJ32: No | CK32: Sí | CL32: Sí | CM32: 07:31 | CN32: Mate | CO32: 12:30 | CP32: 175 | CQ32: 299 | CR32: Sí | CS32: 6 | CT32: Bajo | CU32: 1 % | CV32: Sí | CW32: 1 | CX32: 1 | CY32: Bajo
A33: demo-32 | B33: A1-0032 | C33: 032-66-4400 | D33: 32 | E33: 66 | F33: 4400 | G33: 46289 | H33: 16:04 | J33: A | K33: 1 | L33: Encuestador A | M33: Puesto 1 | N33: Sí | O33: Sí | P33: 39 | Q33: Sí | R33: Sí | S33: Sí | T33: finalizado | U33: 2026-10-v2 | V33: 2026-09-24T15:00:00.000Z | W33: Argentina | Y33: Secundaria incompleta | Z33: Sí | AA33: 5 | AB33: 5 | AC33: Español; Portugués | AE33: Español | AG33: Argentina | AI33: Regular | AJ33: 37 | AK33: Viaje interprovincial | AL33: Una vez a la semana | AN33: Diariamente | AP33: Empleado | AR33: Disconforme | AS33: Sí | AT33: 2.7 | AU33: Sí | AV33: En el camión al costado de la ruta; Paradores | AX33: 7.9 | AY33: Casi nunca | AZ33: Agua; Café | BB33: A veces | BC33: Sí | BD33: No | BE33: Sí | BF33: Obra social | BG33: Ninguno | BH33: Solo cuando me siento mal | BI33: Sistema privado | BJ33: Sí | BK33: Cervical | BL33: Medicamentos; Hierbas | BM33: Ibuprofeno | BN33: Musculoesqueléticos; Digestivas | BP33: Nunca | BQ33: Energizantes (Speed, Monster, Red Bull, etc.) | BS33: No | BT33: Sí | BU33: A veces | BV33: Sí | BW33: No | BX33: Varón | BY33: 99.3 | BZ33: 1.67 | CA33: 35.6 | CB33: 113 | CC33: 149 | CD33: 94 | CE33: No | CF33: Sí | CG33: No | CH33: No | CI33: No | CJ33: No | CK33: No | CL33: Sí | CM33: 07:32 | CN33: Mate | CO33: 13:30 | CP33: 146 | CQ33: 358 | CR33: Sí | CS33: 13 | CT33: Moderado | CU33: 17 % | CV33: Sí | CW33: 14 | CX33: 16 | CY33: Moderado
A34: demo-33 | B34: A1-0033 | C34: 033-26-4630 | D34: 33 | E34: 26 | F34: 4630 | G34: 46290 | H34: 15:08 | J34: A | K34: 1 | L34: Encuestador A | M34: Puesto 2 | N34: Sí | O34: Sí | P34: 38 | Q34: Sí | R34: Sí | S34: No | T34: finalizado | U34: 2026-10-v2 | V34: 2026-09-25T15:00:00.000Z | W34: Argentina | Y34: Terciario incompleto | Z34: Sí | AA34: 1 | AB34: 5 | AC34: Guaraní | AE34: Español | AG34: Argentina | AI34: Regular | AJ34: 6 | AK34: Viaje internacional | AL34: Una vez a la semana | AN34: Una vez a la semana | AP34: Empleado | AR34: Disconforme | AS34: Sí | AT34: 2.9 | AU34: Sí | AV34: Paradores; En el camión al costado de la ruta | AX34: 7.8 | AY34: Casi nunca | AZ34: Café | BB34: Nunca | BC34: No | BD34: No | BE34: No | BF34: Seguro de salud | BG34: Ninguno | BH34: Nunca | BI34: Sistema público; Otros (medicina tradicional, alternativa, etc.) | BJ34: No | BL34: Ninguno | BN34: Musculoesqueléticos; Digestivas | BP34: Nunca | BQ34: No | BS34: No | BT34: No | BU34: A veces | BV34: No | BW34: No | BX34: Varón | BY34: 72.5 | BZ34: 1.68 | CA34: 25.7 | CB34: 104 | CC34: 152 | CD34: 96 | CE34: No | CF34: No | CG34: No | CH34: No | CI34: No | CJ34: No | CK34: No | CL34: No | CR34: Sí | CS34: 8 | CT34: Ligeramente elevado | CU34: 4 % | CV34: Sí | CW34: -7 | CX34: <1 | CY34: Bajo
A35: demo-34 | B35: A1-0034 | C35: 034-37-4400 | D35: 34 | E35: 37 | F35: 4400 | G35: 46290 | H35: 14:01 | J35: A | K35: 1 | L35: Encuestador A | M35: Puesto 1 | N35: Sí | O35: Sí | P35: 38 | Q35: Sí | R35: Sí | S35: Sí | T35: finalizado | U35: 2026-10-v2 | V35: 2026-09-25T15:00:00.000Z | W35: Argentina | Y35: Secundaria completa | Z35: Sí | AA35: 4 | AB35: 5 | AC35: Portugués | AE35: Español | AG35: Argentina | AI35: Muy malo | AJ35: 15 | AK35: Viaje provincial (Jujuy) | AL35: Una vez a la semana | AN35: Diariamente | AP35: Dueño del camión | AR35: Disconforme | AS35: Sí | AT35: 8.3 | AU35: No | AV35: En el camión al costado de la ruta | AX35: 5.6 | AY35: Varias veces por semana | AZ35: Gaseosas; Mate | BB35: Nunca | BC35: No | BD35: No | BE35: Parcialmente | BF35: Obra social | BG35: Ninguno | BH35: Una vez al año | BI35: Sistema público; Otros (medicina tradicional, alternativa, etc.) | BJ35: Sí | BK35: Cervical | BL35: Ninguno | BN35: Musculoesqueléticos | BP35: Rara vez | BQ35: Yerba mate | BS35: No | BT35: Sí | BU35: Siempre | BV35: No | BW35: No | BX35: Varón | BY35: 69.9 | BZ35: 1.74 | CA35: 23.1 | CB35: 91 | CC35: 164 | CD35: 104 | CE35: No | CF35: Sí | CG35: No | CH35: Sí | CI35: No | CJ35: No | CK35: Sí | CL35: Sí | CM35: 07:47 | CN35: Mate | CO35: 14:30 | CP35: 172 | CQ35: 403 | CR35: Sí | CS35: 4 | CT35: Bajo | CU35: 1 % | CV35: Sí | CW35: 7 | CX35: 3 | CY35: Bajo
A36: demo-35 | B36: B1-0035 | C36: 234-60-4630 | D36: 234 | E36: 60 | F36: 4630 | G36: 46291 | H36: 15:00 | J36: B | K36: 1 | L36: Encuestador B | M36: Puesto 2 | N36: Sí | O36: Sí | P36: 38 | Q36: Sí | R36: Sí | S36: Sí | T36: finalizado | U36: 2026-10-v2 | V36: 2026-09-26T15:00:00.000Z | W36: Brasil | Y36: Primaria completa | Z36: Sí | AA36: 2 | AB36: 5 | AC36: Español | AE36: Español | AG36: Argentina | AI36: Bueno | AJ36: 32 | AK36: Viaje interprovincial | AL36: Quincenalmente | AN36: 2 veces por semana | AP36: Empleado | AR36: Conforme | AS36: Sí | AT36: 2.9 | AU36: Sí | AV36: En el camión al costado de la ruta | AX36: 4.7 | AY36: Todos los días | AZ36: Agua; Café | BB36: Sí, siempre | BC36: Algunas veces | BD36: No | BE36: No | BF36: Ninguna | BG36: Sistema público | BH36: Una vez al año | BI36: Sistema público; Otros (medicina tradicional, alternativa, etc.) | BJ36: Sí | BK36: Lumbar | BL36: Ninguno | BN36: Musculoesqueléticos; Digestivas | BP36: 2 a 3 veces por semana | BQ36: No | BS36: Sí | BT36: Sí | BU36: A veces | BV36: Sí | BW36: No | BX36: Varón | BY36: 78.3 | BZ36: 1.66 | CA36: 28.4 | CB36: 97 | CC36: 154 | CD36: 97 | CE36: Sí | CF36: No | CG36: No | CH36: No | CI36: Sí | CJ36: No | CK36: No | CL36: Sí | CM36: 07:23 | CN36: Mate | CO36: 13:30 | CP36: 106 | CQ36: 367 | CR36: Sí | CS36: 13 | CT36: Moderado | CU36: 17 % | CV36: Sí | CW36: 12 | CX36: 10 | CY36: Moderado
A37: demo-36 | B37: B1-0036 | C37: 235-51-4630 | D37: 235 | E37: 51 | F37: 4630 | G37: 46296 | H37: 15:03 | J37: B | K37: 1 | L37: Encuestador B | M37: Puesto 1 | N37: Sí | O37: Sí | P37: 38 | Q37: Sí | R37: Sí | S37: Sí | T37: finalizado | U37: 2026-10-v2 | V37: 2026-10-01T15:00:00.000Z | W37: Argentina | Y37: Universitario completo | Z37: Sí | AA37: 3 | AB37: 3 | AC37: Guaraní | AE37: Español | AG37: Argentina | AI37: Malo | AJ37: 25 | AK37: Viaje interprovincial | AL37: 2 veces por semana | AN37: 3 veces por semana | AP37: Dueño del camión | AR37: Disconforme | AS37: No | AT37: 3.5 | AU37: Sí | AV37: Estaciones de servicio | AX37: 6.6 | AY37: Todos los días | AZ37: Mate | BB37: Sí, siempre | BC37: Sí | BD37: No | BE37: Parcialmente | BF37: Seguro de salud | BG37: Sistema público | BH37: 2 veces al año | BI37: Sistema público | BJ37: Sí | BK37: Rodillas | BL37: Ninguno | BN37: Musculoesqueléticos; Digestivas | BP37: Nunca | BQ37: Café; Coca-Cola | BS37: Sí | BT37: No | BU37: Nunca | BV37: Sí | BW37: No | BX37: Varón | BY37: 79.7 | BZ37: 1.8 | CA37: 24.6 | CB37: 84 | CC37: 162 | CD37: 102 | CE37: No | CF37: Sí | CG37: No | CH37: No | CI37: No | CJ37: Sí, parientes lejanos | CK37: No | CL37: Sí | CM37: 07:13 | CN37: Mate | CO37: 13:30 | CP37: 79 | CQ37: 377 | CR37: Sí | CS37: 7 | CT37: Ligeramente elevado | CU37: 4 % | CV37: Sí | CW37: 8 | CX37: 4 | CY37: Bajo
A38: demo-37 | B38: C1-0037 | C38: 436-30-4630 | D38: 436 | E38: 30 | F38: 4630 | G38: 46302 | H38: 12:09 | J38: C | K38: 1 | L38: Encuestador C | M38: Puesto 2 | N38: Sí | O38: No | P38: 38 | Q38: Sí | R38: Sí | S38: Sí | T38: finalizado | U38: 2026-10-v2 | V38: 2026-10-07T15:00:00.000Z | W38: Argentina | Y38: Secundaria incompleta | Z38: Sí | AA38: 1 | AB38: 4 | AC38: Portugués | AE38: Español | AG38: Argentina | AI38: Regular | AJ38: 1 | AK38: Viaje internacional | AL38: Una vez al mes | AN38: 3 veces por semana | AP38: Empleado | AR38: Parcialmente conforme | AS38: Sí | AT38: 7.4 | AU38: Sí | AV38: Estaciones de servicio | AX38: 4.7 | AY38: Todos los días | AZ38: Gaseosas; Café | BB38: Casi nunca | BC38: Sí | BD38: No | BE38: Parcialmente | BF38: Obra social | BG38: Sistema público | BH38: Solo cuando me siento mal | BI38: Sistema público | BJ38: No | BL38: Ninguno | BN38: No tengo diagnóstico de enfermedad | BP38: Una vez a la semana | BQ38: Café | BS38: No | BT38: No | BU38: Nunca | BV38: No | BW38: No | BX38: Varón | BY38: 63.9 | BZ38: 1.74 | CA38: 21.1 | CB38: 101 | CC38: 113 | CD38: 72 | CE38: No | CF38: Sí | CG38: No | CH38: No | CI38: No | CJ38: No | CK38: No | CL38: Sí | CM38: 07:38 | CN38: Mate | CO38: 12:30 | CP38: 79 | CQ38: 292 | CR38: Sí | CS38: 5 | CT38: Bajo | CU38: 1 % | CV38: Sí | CW38: -9 | CX38: <1 | CY38: Bajo
A39: demo-38 | B39: A1-0038 | C39: 038-47-4600 | D39: 38 | E39: 47 | F39: 4600 | G39: 46302 | H39: 11:02 | J39: A | K39: 1 | L39: Encuestador A | M39: Puesto 2 | N39: Sí | O39: No | P39: 39 | Q39: Sí | R39: Sí | S39: Sí | T39: finalizado | U39: 2026-10-v2 | V39: 2026-10-07T15:00:00.000Z | W39: Chile | Y39: Secundaria incompleta | Z39: No | AA39: 4 | AB39: 1 | AC39: Inglés; Portugués | AE39: Español | AG39: Argentina | AI39: Malo | AJ39: 19 | AK39: Viaje provincial (Jujuy) | AL39: Una vez al mes | AN39: 2 veces por semana | AP39: Empleado | AR39: Disconforme | AS39: Sí | AT39: 2.6 | AU39: Sí | AV39: Paradores | AX39: 7.1 | AY39: Todos los días | AZ39: Mate; Agua | BB39: Casi nunca | BC39: Rara vez | BD39: No | BE39: No | BF39: Obra social | BG39: Ninguno | BH39: Solo cuando me siento mal | BI39: Sistema privado | BJ39: Sí | BK39: Rodillas | BL39: Medicamentos; Hierbas | BM39: Ibuprofeno | BN39: Obesidad | BP39: 2 a 3 veces por semana | BQ39: Café | BS39: No | BT39: No | BU39: Siempre | BV39: Sí | BW39: Sí | BX39: Varón | BY39: 71.6 | BZ39: 1.76 | CA39: 23.1 | CB39: 90 | CC39: 127 | CD39: 81 | CE39: No | CF39: Sí | CG39: Sí | CH39: No | CI39: No | CJ39: Sí, primer grado | CK39: No | CL39: Sí | CM39: 07:39 | CN39: Mate | CO39: 13:30 | CP39: 89 | CQ39: 351 | CR39: No | CV39: Sí | CW39: 6 | CX39: 2 | CY39: Bajo
A40: demo-39 | B40: A1-0039 | C40: 039-51-4612 | D40: 39 | E40: 51 | F40: 4612 | G40: 46302 | H40: 13:01 | J40: A | K40: 1 | L40: Encuestador A | M40: Puesto 1 | N40: Sí | O40: Sí | P40: 39 | Q40: Sí | R40: Sí | S40: Sí | T40: finalizado | U40: 2026-10-v2 | V40: 2026-10-07T15:00:00.000Z | W40: Chile | Y40: Primaria completa | Z40: Sí | AA40: 4 | AB40: 1 | AC40: Inglés | AE40: Español | AG40: Argentina | AI40: Malo | AJ40: 27 | AK40: Viaje interprovincial | AL40: 2 veces por semana | AN40: Una vez a la semana | AP40: Empleado | AR40: Conforme | AS40: Sí | AT40: 8.9 | AU40: Sí | AV40: Paradores; En el camión al costado de la ruta | AX40: 5.1 | AY40: Varias veces por semana | AZ40: Mate | BB40: A veces | BC40: Rara vez | BD40: Sí | BE40: No | BF40: Obra social | BG40: Sistema público | BH40: Solo cuando me siento mal | BI40: Sistema privado | BJ40: Sí | BK40: Rodillas | BL40: Medicamentos; Hierbas | BM40: Ibuprofeno | BN40: No tengo diagnóstico de enfermedad | BP40: Nunca | BQ40: Yerba mate | BS40: No | BT40: No | BU40: A veces | BV40: Sí | BW40: No | BX40: Varón | BY40: 72.7 | BZ40: 1.81 | CA40: 22.2 | CB40: 113 | CC40: 124 | CD40: 79 | CE40: No | CF40: Sí | CG40: No | CH40: Sí | CI40: No | CJ40: No | CK40: No | CL40: Sí | CM40: 07:11 | CN40: Mate | CO40: 10:30 | CP40: 168 | CQ40: 199 | CR40: Sí | CS40: 10 | CT40: Ligeramente elevado | CU40: 4 % | CV40: Sí | CW40: 7 | CX40: 3 | CY40: Bajo
A41: demo-40 | B41: A1-0040 | C41: 040-45-4612 | D41: 40 | E41: 45 | F41: 4612 | G41: 46295 | H41: 15:06 | J41: A | K41: 1 | L41: Encuestador A | M41: Puesto 1 | N41: Sí | O41: Sí | P41: 39 | Q41: Sí | R41: Sí | S41: Sí | T41: finalizado | U41: 2026-10-v2 | V41: 2026-09-30T15:00:00.000Z | W41: Argentina | Y41: Secundaria incompleta | Z41: No | AA41: Más de 5 | AB41: 1 | AC41: Español | AE41: Español | AG41: Argentina | AI41: Malo | AJ41: 10 | AK41: Viaje interprovincial | AL41: Una vez a la semana | AN41: Diariamente | AP41: Empleado | AR41: Conforme | AS41: Sí | AT41: 8 | AU41: Sí | AV41: En el camión al costado de la ruta; Paradores | AX41: 5.1 | AY41: Varias veces por semana | AZ41: Jugos artificiales; Agua | BB41: Nunca | BC41: Sí | BD41: No | BE41: No | BF41: Ninguna | BG41: Ninguno | BH41: 2 veces al año | BI41: Sistema privado | BJ41: No | BL41: Medicamentos | BM41: Ibuprofeno | BN41: Musculoesqueléticos | BP41: Nunca | BQ41: No | BS41: Sí | BT41: Sí | BU41: Nunca | BV41: No | BW41: No | BX41: Varón | BY41: 77.2 | BZ41: 1.72 | CA41: 26.1 | CB41: 115 | CC41: 116 | CD41: 74 | CE41: Sí | CF41: No | CG41: No | CH41: No | CI41: Sí | CJ41: Sí, parientes lejanos | CK41: Sí | CL41: Sí | CM41: 07:36 | CN41: Mate | CO41: 11:30 | CP41: 178 | CQ41: 234 | CR41: Sí | CS41: 16 | CT41: Alto | CU41: 33 % | CV41: Sí | CW41: 9 | CX41: 5 | CY41: Bajo
A42: demo-41 | B42: B1-0041 | C42: 240-59-4500 | D42: 240 | E42: 59 | F42: 4500 | G42: 46302 | H42: 12:04 | J42: B | K42: 1 | L42: Encuestador B | M42: Puesto 2 | N42: Sí | O42: Sí | P42: 39 | Q42: Sí | R42: Sí | S42: Sí | T42: finalizado | U42: 2026-10-v2 | V42: 2026-10-07T15:00:00.000Z | W42: Argentina | Y42: Secundaria incompleta | Z42: Sí | AA42: Más de 5 | AB42: 2 | AC42: Guaraní; Inglés | AE42: Español | AG42: Argentina | AI42: Regular | AJ42: 21 | AK42: Viaje provincial (Jujuy) | AL42: 2 veces por semana | AN42: Diariamente | AP42: Empleado | AR42: Disconforme | AS42: No | AT42: 7.7 | AU42: Sí | AV42: Estaciones de servicio | AX42: 7.7 | AY42: Nunca | AZ42: Agua; Mate; Gaseosas | BB42: A veces | BC42: Rara vez | BD42: No | BE42: Parcialmente | BF42: Obra social | BG42: Sistema privado | BH42: Una vez al año | BI42: Sistema público | BJ42: Sí | BK42: Rodillas | BL42: Medicamentos | BM42: Ibuprofeno | BN42: Musculoesqueléticos; Digestivas | BP42: Nunca | BQ42: No | BS42: No | BT42: Sí | BU42: Nunca | BV42: No | BW42: Sí | BX42: Varón | BY42: 70.9 | BZ42: 1.6 | CA42: 27.7 | CB42: 79 | CC42: 144 | CD42: 91 | CE42: No | CF42: No | CG42: Sí | CH42: Sí | CI42: No | CJ42: No | CK42: Sí | CL42: Sí | CM42: 07:37 | CN42: Mate | CO42: 11:30 | CP42: 158 | CQ42: 233 | CR42: No | CV42: Sí | CW42: 17 | CX42: ≥30 | CY42: Alto
A43: demo-42 | B43: A1-0042 | C43: 042-23-4630 | D43: 42 | E43: 23 | F43: 4630 | G43: 46290 | H43: 12:00 | J43: A | K43: 1 | L43: Encuestador A | M43: Puesto 2 | N43: Sí | O43: Sí | P43: 39 | Q43: Sí | R43: Sí | S43: No | T43: finalizado | U43: 2026-10-v2 | V43: 2026-09-25T15:00:00.000Z | W43: Brasil | Y43: Secundaria completa | Z43: Sí | AA43: Más de 5 | AB43: Más de 5 | AC43: Guaraní; Inglés | AE43: Español | AG43: Argentina | AI43: Bueno | AJ43: 2 | AK43: Viaje interprovincial | AL43: Una vez al mes | AN43: 3 veces por semana | AP43: Dueño del camión | AR43: Disconforme | AS43: Sí | AT43: 5.4 | AU43: Sí | AV43: Paradores | AX43: 5.4 | AY43: Nunca | AZ43: Mate | BB43: Nunca | BC43: Sí | BD43: No | BE43: No | BF43: Obra social | BG43: Sistema público | BH43: Una vez al año | BI43: Sistema público | BJ43: No | BL43: Medicamentos | BM43: Ibuprofeno | BN43: Musculoesqueléticos; Digestivas | BP43: Rara vez | BQ43: Café | BS43: Sí | BT43: Sí | BU43: Nunca | BV43: No | BW43: No | BX43: Mujer | BY43: 101.8 | BZ43: 1.72 | CA43: 34.4 | CB43: 99 | CC43: 126 | CD43: 80 | CE43: No | CF43: Sí | CG43: No | CH43: No | CI43: Sí | CJ43: No | CK43: Sí | CL43: No | CR43: Sí | CS43: 14 | CT43: Moderado | CU43: 17 % | CV43: Sí | CW43: 7 | CX43: <1 | CY43: Bajo
A44: demo-43 | B44: A1-0043 | C44: 043-56-4600 | D44: 43 | E44: 56 | F44: 4600 | G44: 46295 | H44: 14:05 | J44: A | K44: 1 | L44: Encuestador A | M44: Puesto 1 | N44: Sí | O44: Sí | P44: 39 | Q44: Sí | R44: No | S44: No | T44: finalizado | U44: 2026-10-v2 | V44: 2026-09-30T15:00:00.000Z | W44: Argentina | Y44: Secundaria completa | Z44: Sí | AA44: 4 | AB44: 4 | AC44: Guaraní; Español | AE44: Español | AG44: Argentina | AI44: Malo | AJ44: 22 | AK44: Viaje internacional | AL44: Una vez a la semana | AN44: 3 veces por semana | AP44: Empleado | AR44: Disconforme | AS44: Duda | AT44: 3.7 | AU44: Sí | AV44: Estaciones de servicio | AX44: 4.9 | AY44: Nunca | AZ44: Gaseosas; Jugos artificiales | BB44: A veces | BC44: Sí | BD44: Sí | BE44: No | BF44: Obra social | BG44: Sistema público | BH44: 2 veces al año | BI44: Sistema público | BJ44: Sí | BK44: Lumbar | BL44: Medicamentos; Hierbas | BM44: Ibuprofeno | BN44: No tengo diagnóstico de enfermedad | BP44: Una vez a la semana | BQ44: Café; Coca-Cola | BS44: No | BT44: No | BU44: Nunca | BV44: Sí
A45: demo-44 | B45: C1-0044 | C45: 443-65-4600 | D45: 443 | E45: 65 | F45: 4600 | G45: 46289 | H45: 13:08 | J45: C | K45: 1 | L45: Encuestador C | M45: Puesto 2 | N45: Sí | O45: No | P45: 38 | Q45: Sí | R45: Sí | S45: No | T45: finalizado | U45: 2026-10-v2 | V45: 2026-09-24T15:00:00.000Z | W45: Argentina | Y45: Secundaria incompleta | Z45: Sí | AA45: 4 | AB45: Más de 5 | AC45: Portugués | AE45: Español | AG45: Argentina | AI45: Muy malo | AJ45: 45 | AK45: Viaje interprovincial | AL45: Una vez al mes | AN45: Diariamente | AP45: Empleado | AR45: Parcialmente conforme | AS45: Sí | AT45: 6.4 | AU45: Sí | AV45: Paradores | AX45: 6.7 | AY45: Todos los días | AZ45: Café | BB45: Sí, siempre | BC45: Rara vez | BD45: Sí | BE45: Sí | BF45: Ninguna | BG45: Sistema privado | BH45: Solo cuando me siento mal | BI45: Sistema público | BJ45: Sí | BK45: Rodillas | BL45: Ninguno | BN45: No tengo diagnóstico de enfermedad | BP45: Rara vez | BQ45: Energizantes (Speed, Monster, Red Bull, etc.) | BS45: Sí | BT45: Sí | BU45: Nunca | BV45: Sí | BW45: No | BX45: Varón | BY45: 109.3 | BZ45: 1.79 | CA45: 34.1 | CB45: 109 | CC45: 126 | CD45: 80 | CE45: No | CF45: No | CG45: Sí | CH45: No | CI45: No | CJ45: Sí, parientes lejanos | CK45: Sí | CL45: No | CR45: Sí | CS45: 17 | CT45: Alto | CU45: 33 % | CV45: Sí | CW45: 14 | CX45: 16 | CY45: Moderado
A46: demo-45 | B46: B1-0045 | C46: 244-30-4630 | D46: 244 | E46: 30 | F46: 4630 | G46: 46290 | H46: 14:05 | J46: B | K46: 1 | L46: Encuestador B | M46: Puesto 2 | N46: Sí | O46: Sí | P46: 39 | Q46: Sí | R46: Sí | S46: No | T46: finalizado | U46: 2026-10-v2 | V46: 2026-09-25T15:00:00.000Z | W46: Brasil | Y46: Secundaria completa | Z46: No | AA46: 5 | AB46: 3 | AC46: Inglés | AE46: Español | AG46: Argentina | AI46: Muy malo | AJ46: 2 | AK46: Viaje interprovincial | AL46: 2 veces por semana | AN46: 2 veces por semana | AP46: Empleado | AR46: Conforme | AS46: No | AT46: 6.7 | AU46: Sí | AV46: Estaciones de servicio | AX46: 6.7 | AY46: Casi nunca | AZ46: Café; Mate | BB46: A veces | BC46: Algunas veces | BD46: No | BE46: Parcialmente | BF46: Obra social | BG46: Sistema público | BH46: Nunca | BI46: Sistema público | BJ46: Sí | BK46: Rodillas | BL46: Medicamentos | BM46: Ibuprofeno | BN46: No tengo diagnóstico de enfermedad | BP46: 2 a 3 veces por semana | BQ46: Café | BS46: Sí | BT46: Sí | BU46: Siempre | BV46: No | BW46: Sí | BX46: Varón | BY46: 82.3 | BZ46: 1.73 | CA46: 27.5 | CB46: 92 | CC46: 145 | CD46: 92 | CE46: No | CF46: Sí | CG46: Sí | CH46: Sí | CI46: No | CJ46: No | CK46: No | CL46: No | CR46: No | CV46: Sí | CW46: -3 | CX46: <1 | CY46: Bajo
A47: demo-46 | B47: C1-0046 | C47: 445-31-4630 | D47: 445 | E47: 31 | F47: 4630 | G47: 46296 | H47: 13:07 | J47: C | K47: 1 | L47: Encuestador C | M47: Puesto 2 | N47: Sí | O47: Sí | P47: 38 | Q47: Sí | R47: Sí | S47: Sí | T47: finalizado | U47: 2026-10-v2 | V47: 2026-10-01T15:00:00.000Z | W47: Argentina | Y47: Secundaria completa | Z47: Sí | AA47: 4 | AB47: 1 | AC47: Español | AE47: Español | AG47: Argentina | AI47: Bueno | AJ47: 8 | AK47: Viaje provincial (Jujuy) | AL47: Una vez al mes | AN47: Diariamente | AP47: Empleado | AR47: Conforme | AS47: Sí | AT47: 8.4 | AU47: Sí | AV47: En el camión al costado de la ruta; Estaciones de servicio | AX47: 4.5 | AY47: Varias veces por semana | AZ47: Mate | BB47: Casi nunca | BC47: Rara vez | BD47: No | BE47: No | BF47: Obra social | BG47: Ninguno | BH47: Nunca | BI47: Sistema privado | BJ47: Sí | BK47: Lumbar | BL47: Ninguno | BN47: Musculoesqueléticos | BP47: 2 a 3 veces por semana | BQ47: Café; Coca-Cola | BS47: No | BT47: No | BU47: A veces | BV47: No | BW47: No | BX47: Varón | BY47: 77 | BZ47: 1.61 | CA47: 29.7 | CB47: 108 | CC47: 116 | CD47: 74 | CE47: Sí | CF47: Sí | CG47: Sí | CH47: No | CI47: No | CJ47: No | CK47: No | CL47: Sí | CM47: 07:29 | CN47: Mate | CO47: 14:30 | CP47: 150 | CQ47: 421 | CR47: Sí | CS47: 5 | CT47: Bajo | CU47: 1 % | CV47: Sí | CW47: -8 | CX47: <1 | CY47: Bajo
A48: demo-47 | B48: C1-0047 | C48: 446-26-4600 | D48: 446 | E48: 26 | F48: 4600 | G48: 46296 | H48: 12:02 | J48: C | K48: 1 | L48: Encuestador C | M48: Puesto 2 | N48: Sí | O48: Sí | P48: 39 | Q48: Sí | R48: Sí | S48: Sí | T48: finalizado | U48: 2026-10-v2 | V48: 2026-10-01T15:00:00.000Z | W48: Argentina | Y48: Primaria completa | Z48: Sí | AA48: Más de 5 | AB48: 3 | AC48: Inglés; Portugués | AE48: Español | AG48: Argentina | AI48: Regular | AJ48: 2 | AK48: Viaje interprovincial | AL48: 2 veces por semana | AN48: Diariamente | AP48: Empleado | AR48: Parcialmente conforme | AS48: Duda | AT48: 3 | AU48: Sí | AV48: Estaciones de servicio; Paradores | AX48: 7.9 | AY48: Nunca | AZ48: Agua | BB48: Casi nunca | BC48: Rara vez | BD48: No | BE48: Sí | BF48: Ninguna | BG48: Sistema privado | BH48: Solo cuando me siento mal | BI48: Sistema público; Otros (medicina tradicional, alternativa, etc.) | BJ48: No | BL48: Medicamentos; Hierbas | BM48: Ibuprofeno | BN48: Obesidad | BP48: 2 a 3 veces por semana | BQ48: Café; Coca-Cola | BS48: Sí | BT48: Sí | BU48: Siempre | BV48: Sí | BW48: No | BX48: Varón | BY48: 68.8 | BZ48: 1.63 | CA48: 25.9 | CB48: 97 | CC48: 110 | CD48: 70 | CE48: Sí | CF48: No | CG48: Sí | CH48: No | CI48: No | CJ48: Sí, parientes lejanos | CK48: Sí | CL48: Sí | CM48: 07:18 | CN48: Mate | CO48: 13:30 | CP48: 87 | CQ48: 372 | CR48: Sí | CS48: 8 | CT48: Ligeramente elevado | CU48: 4 % | CV48: Sí | CW48: 0 | CX48: 1 | CY48: Bajo
A49: demo-48 | B49: C1-0048 | C49: 447-61-4500 | D49: 447 | E49: 61 | F49: 4500 | G49: 46290 | H49: 11:01 | J49: C | K49: 1 | L49: Encuestador C | M49: Puesto 1 | N49: Sí | O49: Sí | P49: 38 | Q49: Sí | R49: Sí | S49: Sí | T49: finalizado | U49: 2026-10-v2 | V49: 2026-09-25T15:00:00.000Z | W49: Chile | Y49: Secundaria incompleta | Z49: No | AA49: 3 | AB49: 4 | AC49: Guaraní | AE49: Español | AG49: Argentina | AI49: Bueno | AJ49: 6 | AK49: Viaje provincial (Jujuy) | AL49: Una vez al mes | AN49: Diariamente | AP49: Empleado | AR49: Conforme | AS49: Sí | AT49: 5.6 | AU49: Sí | AV49: Estaciones de servicio; Paradores | AX49: 4.3 | AY49: Casi nunca | AZ49: Gaseosas | BB49: Sí, siempre | BC49: Algunas veces | BD49: No | BE49: Parcialmente | BF49: Obra social | BG49: Ninguno | BH49: Una vez al año | BI49: Sistema privado | BJ49: No | BL49: Ninguno | BN49: Musculoesqueléticos; Digestivas | BP49: Rara vez | BQ49: Café; Coca-Cola | BS49: Sí | BT49: No | BU49: A veces | BV49: Sí | BW49: No | BX49: Varón | BY49: 85.2 | BZ49: 1.78 | CA49: 26.9 | CB49: 109 | CC49: 110 | CD49: 70 | CE49: No | CF49: No | CG49: Sí | CH49: No | CI49: No | CJ49: No | CK49: Sí | CL49: Sí | CM49: 07:15 | CN49: Mate | CO49: 12:30 | CP49: 156 | CQ49: 315 | CR49: Sí | CS49: 11 | CT49: Ligeramente elevado | CU49: 4 % | CV49: Sí | CW49: 12 | CX49: 10 | CY49: Moderado
A50: demo-49 | B50: A1-0049 | C50: 049-24-4500 | D50: 49 | E50: 24 | F50: 4500 | G50: 46291 | H50: 14:03 | J50: A | K50: 1 | L50: Encuestador A | M50: Puesto 1 | N50: Sí | O50: Sí | P50: 38 | Q50: Sí | R50: Sí | S50: Sí | T50: finalizado | U50: 2026-10-v2 | V50: 2026-09-26T15:00:00.000Z | W50: Paraguay | Y50: Secundaria incompleta | Z50: No | AA50: 2 | AB50: Más de 5 | AC50: Guaraní; Español | AE50: Español | AG50: Argentina | AI50: Bueno | AJ50: 1 | AK50: Viaje interprovincial | AL50: Una vez a la semana | AN50: Diariamente | AP50: Empleado | AR50: Disconforme | AS50: Sí | AT50: 5.6 | AU50: Sí | AV50: Estaciones de servicio | AX50: 5.6 | AY50: Nunca | AZ50: Gaseosas; Mate | BB50: A veces | BC50: Sí | BD50: No | BE50: Parcialmente | BF50: Obra social; Prepaga | BG50: Sistema privado | BH50: Solo cuando me siento mal | BI50: Sistema público; Otros (medicina tradicional, alternativa, etc.) | BJ50: Sí | BK50: Cervical | BL50: Ninguno | BN50: Musculoesqueléticos | BP50: Rara vez | BQ50: Yerba mate | BS50: No | BT50: No | BU50: Nunca | BV50: Sí | BW50: No | BX50: Varón | BY50: 79 | BZ50: 1.87 | CA50: 22.6 | CB50: 105 | CC50: 131 | CD50: 83 | CE50: Sí | CF50: No | CG50: No | CH50: No | CI50: No | CJ50: Sí, parientes lejanos | CK50: No | CL50: Sí | CM50: 07:15 | CN50: Mate | CO50: 11:30 | CP50: 168 | CQ50: 255 | CR50: Sí | CS50: 8 | CT50: Ligeramente elevado | CU50: 4 % | CV50: Sí | CW50: -8 | CX50: <1 | CY50: Bajo
A51: demo-50 | B51: C1-0050 | C51: 449-46-4400 | D51: 449 | E51: 46 | F51: 4400 | G51: 46289 | H51: 11:01 | J51: C | K51: 1 | L51: Encuestador C | M51: Puesto 2 | N51: Sí | O51: No | P51: 38 | Q51: Sí | R51: No | S51: No | T51: finalizado | U51: 2026-10-v2 | V51: 2026-09-24T15:00:00.000Z | W51: Argentina | Y51: Universitario incompleto | Z51: Sí | AA51: 4 | AB51: Más de 5 | AC51: Español | AE51: Español | AG51: Argentina | AI51: Regular | AJ51: 2 | AK51: Viaje internacional | AL51: Una vez a la semana | AN51: Diariamente | AP51: Dueño del camión | AR51: Disconforme | AS51: Sí | AT51: 6.8 | AU51: Sí | AV51: En el camión al costado de la ruta | AX51: 6.8 | AY51: Todos los días | AZ51: Mate; Gaseosas | BB51: A veces | BC51: No | BD51: No | BE51: Sí | BF51: Ninguna | BG51: Ninguno | BH51: Una vez al año | BI51: Sistema público; Otros (medicina tradicional, alternativa, etc.) | BJ51: Sí | BK51: Lumbar | BL51: Ninguno | BN51: Obesidad | BP51: Nunca | BQ51: Yerba mate | BS51: Sí | BT51: No | BU51: Siempre | BV51: Sí
A52: demo-51 | B52: B1-0051 | C52: 250-53-4400 | D52: 250 | E52: 53 | F52: 4400 | G52: 46291 | H52: 15:01 | J52: B | K52: 1 | L52: Encuestador B | M52: Puesto 2 | N52: Sí | O52: No | P52: 39 | Q52: Sí | R52: Sí | S52: Sí | T52: finalizado | U52: 2026-10-v2 | V52: 2026-09-26T15:00:00.000Z | W52: Argentina | Y52: Terciario completo | Z52: No | AA52: Más de 5 | AB52: 2 | AC52: Español | AE52: Español | AG52: Argentina | AI52: Regular | AJ52: 22 | AK52: Viaje interprovincial | AL52: Quincenalmente | AN52: 3 veces por semana | AP52: Otro | AR52: Conforme | AS52: Sí | AT52: 6.8 | AU52: Sí | AV52: En el camión al costado de la ruta | AX52: 6.6 | AY52: Nunca | AZ52: Agua; Mate; Gaseosas | BB52: Sí, siempre | BC52: No | BD52: Sí | BE52: Sí | BF52: Obra social | BG52: Sistema público | BH52: Una vez al año | BI52: Sistema privado | BJ52: Sí | BK52: Lumbar | BL52: Medicamentos | BM52: Ibuprofeno | BN52: Musculoesqueléticos | BP52: Nunca | BQ52: Café | BS52: Sí | BT52: No | BU52: A veces | BV52: Sí | BW52: No | BX52: Varón | BY52: 123.4 | BZ52: 1.87 | CA52: 35.3 | CB52: 89 | CC52: 141 | CD52: 89 | CE52: No | CF52: No | CG52: No | CH52: Sí | CI52: No | CJ52: No | CK52: Sí | CL52: Sí | CM52: 07:32 | CN52: Mate | CO52: 15:30 | CP52: 123 | CQ52: 478 | CR52: Sí | CS52: 10 | CT52: Ligeramente elevado | CU52: 4 % | CV52: Sí | CW52: 13 | CX52: 12 | CY52: Moderado
A53: demo-52 | B53: A1-0052 | C53: 052-33-4600 | D53: 52 | E53: 33 | F53: 4600 | G53: 46301 | H53: 14:02 | J53: A | K53: 1 | L53: Encuestador A | M53: Puesto 2 | N53: Sí | O53: No | P53: 39 | Q53: Sí | R53: Sí | S53: No | T53: finalizado | U53: 2026-10-v2 | V53: 2026-10-06T15:00:00.000Z | W53: Brasil | Y53: Secundaria incompleta | Z53: Sí | AA53: 1 | AB53: Más de 5 | AC53: Guaraní; Inglés | AE53: Español | AG53: Argentina | AI53: Bueno | AJ53: 8 | AK53: Viaje internacional | AL53: 2 veces por semana | AN53: 3 veces por semana | AP53: Empleado | AR53: Conforme | AS53: Sí | AT53: 3.4 | AU53: Sí | AV53: Estaciones de servicio; En el camión al costado de la ruta | AX53: 7.3 | AY53: Varias veces por semana | AZ53: Gaseosas | BB53: A veces | BC53: Algunas veces | BD53: No | BE53: Parcialmente | BF53: Ninguna | BG53: Ninguno | BH53: Una vez al año | BI53: Sistema público; Otros (medicina tradicional, alternativa, etc.) | BJ53: Sí | BK53: Cervical | BL53: Medicamentos | BM53: Ibuprofeno | BN53: Obesidad | BP53: 2 a 3 veces por semana | BQ53: Energizantes (Speed, Monster, Red Bull, etc.) | BS53: No | BT53: No | BU53: A veces | BV53: No | BW53: No | BX53: Varón | BY53: 78.8 | BZ53: 1.82 | CA53: 23.8 | CB53: 91 | CC53: 123 | CD53: 78 | CE53: No | CF53: No | CG53: Sí | CH53: No | CI53: No | CJ53: No | CK53: Sí | CL53: No | CR53: Sí | CS53: 3 | CT53: Bajo | CU53: 1 % | CV53: Sí | CW53: -1 | CX53: <1 | CY53: Bajo
A54: demo-53 | B54: A1-0053 | C54: 053-57-4630 | D54: 53 | E54: 57 | F54: 4630 | G54: 46294 | H54: 11:08 | J54: A | K54: 1 | L54: Encuestador A | M54: Puesto 2 | N54: Sí | O54: No | P54: 38 | Q54: Sí | R54: Sí | S54: Sí | T54: finalizado | U54: 2026-10-v2 | V54: 2026-09-29T15:00:00.000Z | W54: Chile | Y54: Secundaria completa | Z54: No | AA54: 2 | AB54: 5 | AC54: Guaraní; Español | AE54: Español | AG54: Argentina | AI54: Muy malo | AJ54: 5 | AK54: Viaje interprovincial | AL54: Una vez a la semana | AN54: 2 veces por semana | AP54: Empleado | AR54: Disconforme | AS54: Sí | AT54: 5.3 | AU54: Sí | AV54: Paradores | AX54: 4.1 | AY54: Nunca | AZ54: Mate; Café; Gaseosas | BB54: Nunca | BC54: Rara vez | BD54: No | BE54: Sí | BF54: Obra social | BG54: Sistema público | BH54: Nunca | BI54: Sistema privado | BJ54: No | BL54: Ninguno | BN54: Musculoesqueléticos | BP54: Nunca | BQ54: Energizantes (Speed, Monster, Red Bull, etc.) | BS54: Sí | BT54: No | BU54: Siempre | BV54: Sí | BW54: No | BX54: Varón | BY54: 74.8 | BZ54: 1.87 | CA54: 21.4 | CB54: 97 | CC54: 137 | CD54: 87 | CE54: No | CF54: Sí | CG54: No | CH54: Sí | CI54: Sí | CJ54: Sí, primer grado | CK54: No | CL54: Sí | CM54: 07:49 | CN54: Mate | CO54: 10:30 | CP54: 117 | CQ54: 161 | CR54: Sí | CS54: 20 | CT54: Alto | CU54: 33 % | CV54: Sí | CW54: 10 | CX54: 6 | CY54: Bajo
A55: demo-54 | B55: C1-0054 | C55: 453-50-4400 | D55: 453 | E55: 50 | F55: 4400 | G55: 46290 | H55: 12:03 | J55: C | K55: 1 | L55: Encuestador C | M55: Puesto 2 | N55: Sí | O55: Sí | P55: 39 | Q55: Sí | R55: Sí | S55: Sí | T55: finalizado | U55: 2026-10-v2 | V55: 2026-09-25T15:00:00.000Z | W55: Argentina | Y55: Secundaria completa | Z55: No | AA55: 1 | AB55: 5 | AC55: Guaraní | AE55: Español | AG55: Argentina | AI55: Bueno | AJ55: 21 | AK55: Viaje internacional | AL55: Quincenalmente | AN55: 2 veces por semana | AP55: Dueño del camión | AR55: Disconforme | AS55: Sí | AT55: 5.4 | AU55: Sí | AV55: Paradores; Estaciones de servicio | AX55: 4.3 | AY55: Nunca | AZ55: Gaseosas | BB55: Sí, siempre | BC55: Sí | BD55: No | BE55: Parcialmente | BF55: Seguro de salud | BG55: Ninguno | BH55: Nunca | BI55: Sistema privado | BJ55: Sí | BK55: Cervical | BL55: Medicamentos | BM55: Ibuprofeno | BN55: Obesidad | BP55: 2 a 3 veces por semana | BQ55: No | BS55: Sí | BT55: No | BU55: A veces | BV55: No | BW55: No | BX55: Varón | BY55: 89.2 | BZ55: 1.68 | CA55: 31.6 | CB55: 103 | CC55: 156 | CD55: 99 | CE55: No | CF55: No | CG55: No | CH55: No | CI55: Sí | CJ55: No | CK55: Sí | CL55: Sí | CM55: 07:38 | CN55: Mate | CO55: 13:30 | CP55: 106 | CQ55: 352 | CR55: Sí | CS55: 17 | CT55: Alto | CU55: 33 % | CV55: Sí | CW55: 12 | CX55: 10 | CY55: Moderado
A56: demo-55 | B56: C1-0055 | C56: 454-23-4400 | D56: 454 | E56: 23 | F56: 4400 | G56: 46291 | H56: 13:06 | J56: C | K56: 1 | L56: Encuestador C | M56: Puesto 2 | N56: Sí | O56: No | P56: 39 | Q56: Sí | R56: Sí | S56: Sí | T56: finalizado | U56: 2026-10-v2 | V56: 2026-09-26T15:00:00.000Z | W56: Chile | Y56: Secundaria completa | Z56: Sí | AA56: 1 | AB56: Más de 5 | AC56: Español | AE56: Español | AG56: Argentina | AI56: Bueno | AJ56: 2 | AK56: Viaje interprovincial | AL56: Quincenalmente | AN56: 3 veces por semana | AP56: Empleado | AR56: Conforme | AS56: Duda | AT56: 8.1 | AU56: Sí | AV56: Paradores | AX56: 7.5 | AY56: Nunca | AZ56: Café | BB56: A veces | BC56: Sí | BD56: Sí | BE56: No | BF56: Seguro de salud | BG56: Ninguno | BH56: Una vez al año | BI56: Sistema público | BJ56: Sí | BK56: Rodillas | BL56: Medicamentos; Hierbas | BM56: Ibuprofeno | BN56: No tengo diagnóstico de enfermedad | BP56: Nunca | BQ56: Energizantes (Speed, Monster, Red Bull, etc.) | BS56: Sí | BT56: No | BU56: Siempre | BV56: No | BW56: No | BX56: Varón | BY56: 85.8 | BZ56: 1.86 | CA56: 24.8 | CB56: 103 | CC56: 134 | CD56: 85 | CE56: Sí | CF56: Sí | CG56: No | CH56: Sí | CI56: No | CJ56: No | CK56: No | CL56: Sí | CM56: 07:28 | CN56: Mate | CO56: 12:30 | CP56: 99 | CQ56: 302 | CR56: Sí | CS56: 6 | CT56: Bajo | CU56: 1 % | CV56: Sí | CW56: -7 | CX56: <1 | CY56: Bajo
A57: demo-56 | B57: B1-0056 | C57: 255-36-4600 | D57: 255 | E57: 36 | F57: 4600 | G57: 46290 | H57: 13:05 | J57: B | K57: 1 | L57: Encuestador B | M57: Puesto 1 | N57: Sí | O57: Sí | P57: 39 | Q57: Sí | R57: No | S57: No | T57: finalizado | U57: 2026-10-v2 | V57: 2026-09-25T15:00:00.000Z | W57: Argentina | Y57: Secundaria incompleta | Z57: Sí | AA57: 2 | AB57: 3 | AC57: Inglés; Español | AE57: Español | AG57: Argentina | AI57: Bueno | AJ57: 12 | AK57: Viaje provincial (Jujuy) | AL57: Quincenalmente | AN57: Diariamente | AP57: Dueño del camión | AR57: Conforme | AS57: Sí | AT57: 7.1 | AU57: Sí | AV57: Paradores | AX57: 4.6 | AY57: Todos los días | AZ57: Gaseosas; Mate | BB57: Nunca | BC57: No | BD57: Sí | BE57: Parcialmente | BF57: Obra social | BG57: Ninguno | BH57: Solo cuando me siento mal | BI57: Sistema público; Otros (medicina tradicional, alternativa, etc.) | BJ57: No | BL57: Medicamentos; Hierbas | BM57: Ibuprofeno | BN57: No tengo diagnóstico de enfermedad | BP57: Rara vez | BQ57: Café; Coca-Cola | BS57: Sí | BT57: Sí | BU57: A veces | BV57: Sí
A58: demo-57 | B58: A1-0057 | C58: 057-54-4500 | D58: 57 | E58: 54 | F58: 4500 | G58: 46289 | H58: 15:06 | J58: A | K58: 1 | L58: Encuestador A | M58: Puesto 2 | N58: Sí | O58: No | P58: 38 | Q58: Sí | R58: Sí | S58: No | T58: finalizado | U58: 2026-10-v2 | V58: 2026-09-24T15:00:00.000Z | W58: Argentina | Y58: Universitario incompleto | Z58: Sí | AA58: 2 | AB58: 4 | AC58: Guaraní | AE58: Español | AG58: Argentina | AI58: Muy bueno | AJ58: 8 | AK58: Viaje interprovincial | AL58: Quincenalmente | AN58: 2 veces por semana | AP58: Empleado | AR58: Disconforme | AS58: Sí | AT58: 2.4 | AU58: Sí | AV58: En el camión al costado de la ruta | AX58: 4.3 | AY58: Todos los días | AZ58: Café; Mate | BB58: Nunca | BC58: No | BD58: No | BE58: Sí | BF58: Obra social | BG58: Sistema público | BH58: Solo cuando me siento mal | BI58: Sistema privado | BJ58: Sí | BK58: Cervical | BL58: Ninguno | BN58: Musculoesqueléticos | BP58: Una vez a la semana | BQ58: Yerba mate | BS58: No | BT58: Sí | BU58: Siempre | BV58: No | BW58: No | BX58: Varón | BY58: 105.5 | BZ58: 1.78 | CA58: 33.3 | CB58: 110 | CC58: 124 | CD58: 79 | CE58: No | CF58: Sí | CG58: Sí | CH58: No | CI58: No | CJ58: Sí, parientes lejanos | CK58: No | CL58: No | CR58: Sí | CS58: 14 | CT58: Moderado | CU58: 17 % | CV58: Sí | CW58: 8 | CX58: 4 | CY58: Bajo
A59: demo-58 | B59: A1-0058 | C59: 058-37-4612 | D59: 58 | E59: 37 | F59: 4612 | G59: 46289 | H59: 13:04 | J59: A | K59: 1 | L59: Encuestador A | M59: Puesto 2 | N59: Sí | O59: Sí | P59: 39 | Q59: Sí | R59: Sí | S59: Sí | T59: finalizado | U59: 2026-10-v2 | V59: 2026-09-24T15:00:00.000Z | W59: Argentina | Y59: Secundaria completa | Z59: No | AA59: 5 | AB59: 4 | AC59: Portugués | AE59: Español | AG59: Argentina | AI59: Malo | AJ59: 12 | AK59: Viaje interprovincial | AL59: 2 veces por semana | AN59: Diariamente | AP59: Dueño del camión | AR59: Parcialmente conforme | AS59: No | AT59: 5 | AU59: Sí | AV59: Estaciones de servicio; Paradores | AX59: 5.8 | AY59: Casi nunca | AZ59: Agua | BB59: Casi nunca | BC59: Sí | BD59: No | BE59: No | BF59: Obra social | BG59: Sistema privado | BH59: Solo cuando me siento mal | BI59: Sistema público; Otros (medicina tradicional, alternativa, etc.) | BJ59: Sí | BK59: Lumbar | BL59: Medicamentos; Hierbas | BM59: Ibuprofeno | BN59: Musculoesqueléticos | BP59: Una vez a la semana | BQ59: Café; Coca-Cola | BS59: No | BT59: No | BU59: A veces | BV59: No | BW59: Sí | BX59: Varón | BY59: 100.4 | BZ59: 1.75 | CA59: 32.8 | CB59: 112 | CC59: 127 | CD59: 81 | CE59: No | CF59: No | CG59: No | CH59: No | CI59: No | CJ59: Sí, primer grado | CK59: No | CL59: Sí | CM59: 07:38 | CN59: Mate | CO59: 10:30 | CP59: 93 | CQ59: 172 | CR59: No | CV59: Sí | CW59: 2 | CX59: 1 | CY59: Bajo
A60: demo-59 | B60: A1-0059 | C60: 059-67-4600 | D60: 59 | E60: 67 | F60: 4600 | G60: 46294 | H60: 14:02 | J60: A | K60: 1 | L60: Encuestador A | M60: Puesto 1 | N60: Sí | O60: Sí | P60: 39 | Q60: Sí | R60: Sí | S60: No | T60: finalizado | U60: 2026-10-v2 | V60: 2026-09-29T15:00:00.000Z | W60: Argentina | Y60: Secundaria completa | Z60: No | AA60: 5 | AB60: 3 | AC60: Inglés | AE60: Español | AG60: Argentina | AI60: Regular | AJ60: 25 | AK60: Viaje interprovincial | AL60: Una vez al mes | AN60: Una vez a la semana | AP60: Dueño del camión | AR60: Disconforme | AS60: No | AT60: 7 | AU60: Sí | AV60: Estaciones de servicio | AX60: 5.3 | AY60: Nunca | AZ60: Café | BB60: Nunca | BC60: No | BD60: No | BE60: Parcialmente | BF60: Obra social | BG60: Ninguno | BH60: Nunca | BI60: Sistema público | BJ60: Sí | BK60: Lumbar | BL60: Medicamentos; Hierbas | BM60: Ibuprofeno | BN60: No tengo diagnóstico de enfermedad | BP60: Nunca | BQ60: No | BS60: No | BT60: Sí | BU60: A veces | BV60: Sí | BW60: No | BX60: Varón | BY60: 104.4 | BZ60: 1.76 | CA60: 33.7 | CB60: 102 | CC60: 111 | CD60: 71 | CE60: No | CF60: Sí | CG60: Sí | CH60: No | CI60: No | CJ60: No | CK60: Sí | CL60: No | CR60: Sí | CS60: 12 | CT60: Moderado | CU60: 17 % | CV60: Sí | CW60: 14 | CX60: 16 | CY60: Moderado
A61: demo-60 | B61: C1-0060 | C61: 459-42-4600 | D61: 459 | E61: 42 | F61: 4600 | G61: 46295 | H61: 15:01 | J61: C | K61: 1 | L61: Encuestador C | M61: Puesto 2 | N61: Sí | O61: No | P61: 39 | Q61: Sí | R61: Sí | S61: Sí | T61: finalizado | U61: 2026-10-v2 | V61: 2026-09-30T15:00:00.000Z | W61: Brasil | Y61: Universitario incompleto | Z61: Sí | AA61: 2 | AB61: 1 | AC61: Inglés; Guaraní | AE61: Español | AG61: Argentina | AI61: Malo | AJ61: 5 | AK61: Viaje provincial (Jujuy) | AL61: Quincenalmente | AN61: Una vez a la semana | AP61: Empleado | AR61: Conforme | AS61: Sí | AT61: 3 | AU61: No | AV61: Paradores | AX61: 7.2 | AY61: Casi nunca | AZ61: Gaseosas | BB61: A veces | BC61: Sí | BD61: No | BE61: Parcialmente | BF61: Ninguna | BG61: Sistema privado | BH61: Nunca | BI61: Sistema privado | BJ61: Sí | BK61: Rodillas | BL61: Medicamentos; Hierbas | BM61: Ibuprofeno | BN61: Musculoesqueléticos; Digestivas | BP61: Rara vez | BQ61: Café; Coca-Cola | BS61: No | BT61: No | BU61: A veces | BV61: No | BW61: No | BX61: Varón | BY61: 112.2 | BZ61: 1.78 | CA61: 35.4 | CB61: 103 | CC61: 166 | CD61: 105 | CE61: No | CF61: Sí | CG61: No | CH61: No | CI61: No | CJ61: No | CK61: Sí | CL61: Sí | CM61: 07:40 | CN61: Mate | CO61: 13:30 | CP61: 158 | CQ61: 350 | CR61: Sí | CS61: 9 | CT61: Ligeramente elevado | CU61: 4 % | CV61: Sí | CW61: 9 | CX61: 5 | CY61: Bajo
A62: demo-61 | B62: C1-0061 | C62: 460-34-4630 | D62: 460 | E62: 34 | F62: 4630 | G62: 46296 | H62: 15:01 | J62: C | K62: 1 | L62: Encuestador C | M62: Puesto 1 | N62: Sí | O62: No | P62: 39 | Q62: Sí | R62: Sí | S62: Sí | T62: finalizado | U62: 2026-10-v2 | V62: 2026-10-01T15:00:00.000Z | W62: Argentina | Y62: Terciario completo | Z62: No | AA62: 2 | AB62: 1 | AC62: Español | AE62: Español | AG62: Argentina | AI62: Regular | AJ62: 7 | AK62: Viaje provincial (Jujuy) | AL62: Quincenalmente | AN62: Una vez a la semana | AP62: Dueño del camión | AR62: Conforme | AS62: No | AT62: 5 | AU62: Sí | AV62: En el camión al costado de la ruta | AX62: 5.6 | AY62: Todos los días | AZ62: Jugos artificiales; Café | BB62: Casi nunca | BC62: Sí | BD62: No | BE62: Sí | BF62: Ninguna | BG62: Sistema privado | BH62: Solo cuando me siento mal | BI62: Sistema público; Otros (medicina tradicional, alternativa, etc.) | BJ62: No | BL62: Medicamentos; Hierbas | BM62: Ibuprofeno | BN62: Musculoesqueléticos | BP62: Una vez a la semana | BQ62: Café | BS62: No | BT62: No | BU62: Nunca | BV62: Sí | BW62: No | BX62: Varón | BY62: 90.6 | BZ62: 1.64 | CA62: 33.7 | CB62: 98 | CC62: 150 | CD62: 95 | CE62: No | CF62: No | CG62: Sí | CH62: No | CI62: No | CJ62: Sí, parientes lejanos | CK62: Sí | CL62: Sí | CM62: 07:25 | CN62: Mate | CO62: 14:30 | CP62: 133 | CQ62: 425 | CR62: Sí | CS62: 12 | CT62: Moderado | CU62: 17 % | CV62: Sí | CW62: 3 | CX62: 1 | CY62: Bajo
A63: demo-62 | B63: A1-0062 | C63: 062-52-4600 | D63: 62 | E63: 52 | F63: 4600 | G63: 46294 | H63: 13:01 | J63: A | K63: 1 | L63: Encuestador A | M63: Puesto 1 | N63: Sí | O63: Sí | P63: 38 | Q63: Sí | R63: Sí | S63: Sí | T63: finalizado | U63: 2026-10-v2 | V63: 2026-09-29T15:00:00.000Z | W63: Paraguay | Y63: Secundaria completa | Z63: Sí | AA63: 4 | AB63: 5 | AC63: Español; Portugués | AE63: Español | AG63: Argentina | AI63: Regular | AJ63: 19 | AK63: Viaje interprovincial | AL63: Una vez a la semana | AN63: Diariamente | AP63: Empleado | AR63: Disconforme | AS63: Sí | AT63: 8.9 | AU63: No | AV63: En el camión al costado de la ruta | AX63: 7.3 | AY63: Todos los días | AZ63: Jugos artificiales; Gaseosas | BB63: Casi nunca | BC63: Algunas veces | BD63: No | BE63: No | BF63: Obra social | BG63: Ninguno | BH63: 2 veces al año | BI63: Sistema privado | BJ63: Sí | BK63: Rodillas | BL63: Ninguno | BN63: Obesidad | BP63: 2 a 3 veces por semana | BQ63: Energizantes (Speed, Monster, Red Bull, etc.) | BS63: Sí | BT63: No | BU63: Siempre | BV63: Sí | BW63: No | BX63: Varón | BY63: 90.6 | BZ63: 1.63 | CA63: 34.1 | CB63: 98 | CC63: 141 | CD63: 89 | CE63: Sí | CF63: Sí | CG63: Sí | CH63: No | CI63: No | CJ63: No | CK63: No | CL63: Sí | CM63: 07:25 | CN63: Mate | CO63: 12:30 | CP63: 164 | CQ63: 305 | CR63: Sí | CS63: 8 | CT63: Ligeramente elevado | CU63: 4 % | CV63: Sí | CW63: 9 | CX63: 5 | CY63: Bajo
A64: demo-63 | B64: B1-0063 | C64: 262-55-4600 | D64: 262 | E64: 55 | F64: 4600 | G64: 46290 | H64: 11:02 | J64: B | K64: 1 | L64: Encuestador B | M64: Puesto 1 | N64: Sí | O64: Sí | P64: 39 | Q64: Sí | R64: No | S64: No | T64: finalizado | U64: 2026-10-v2 | V64: 2026-09-25T15:00:00.000Z | W64: Argentina | Y64: Terciario completo | Z64: Sí | AA64: 5 | AB64: 3 | AC64: Portugués | AE64: Español | AG64: Argentina | AI64: Muy bueno | AJ64: 12 | AK64: Viaje internacional | AL64: Una vez a la semana | AN64: Una vez a la semana | AP64: Empleado | AR64: Disconforme | AS64: No | AT64: 2.4 | AU64: Sí | AV64: Estaciones de servicio; En el camión al costado de la ruta | AX64: 5.7 | AY64: Todos los días | AZ64: Jugos artificiales; Mate | BB64: Casi nunca | BC64: No | BD64: No | BE64: Parcialmente | BF64: Obra social | BG64: Sistema privado | BH64: Solo cuando me siento mal | BI64: Sistema público | BJ64: Sí | BK64: Cervical | BL64: Medicamentos | BM64: Ibuprofeno | BN64: Obesidad | BP64: Nunca | BQ64: Yerba mate | BS64: No | BT64: No | BU64: Siempre | BV64: No
A65: demo-64 | B65: A1-0064 | C65: 064-65-4400 | D65: 64 | E65: 65 | F65: 4400 | G65: 46289 | H65: 17:05 | J65: A | K65: 1 | L65: Encuestador A | M65: Puesto 1 | N65: Sí | O65: Sí | P65: 38 | Q65: Sí | R65: Sí | S65: Sí | T65: finalizado | U65: 2026-10-v2 | V65: 2026-09-24T15:00:00.000Z | W65: Argentina | Y65: Secundaria completa | Z65: Sí | AA65: Más de 5 | AB65: Más de 5 | AC65: Portugués | AE65: Español | AG65: Argentina | AI65: Regular | AJ65: 20 | AK65: Viaje internacional | AL65: Una vez a la semana | AN65: Una vez a la semana | AP65: Empleado | AR65: Disconforme | AS65: No | AT65: 4.1 | AU65: Sí | AV65: Paradores; En el camión al costado de la ruta | AX65: 6.7 | AY65: Varias veces por semana | AZ65: Agua; Mate | BB65: A veces | BC65: Algunas veces | BD65: No | BE65: No | BF65: Obra social | BG65: Ninguno | BH65: Nunca | BI65: Sistema público | BJ65: Sí | BK65: Rodillas | BL65: Ninguno | BN65: Musculoesqueléticos | BP65: Una vez a la semana | BQ65: Energizantes (Speed, Monster, Red Bull, etc.) | BS65: No | BT65: Sí | BU65: A veces | BV65: Sí | BW65: No | BX65: Varón | BY65: 68.5 | BZ65: 1.63 | CA65: 25.8 | CB65: 111 | CC65: 146 | CD65: 93 | CE65: No | CF65: Sí | CG65: No | CH65: No | CI65: Sí | CJ65: No | CK65: Sí | CL65: Sí | CM65: 07:41 | CN65: Mate | CO65: 10:30 | CP65: 87 | CQ65: 169 | CR65: Sí | CS65: 16 | CT65: Alto | CU65: 33 % | CV65: Sí | CW65: 14 | CX65: 16 | CY65: Moderado
A66: demo-65 | B66: C1-0065 | C66: 464-48-4500 | D66: 464 | E66: 48 | F66: 4500 | G66: 46294 | H66: 12:09 | J66: C | K66: 1 | L66: Encuestador C | M66: Puesto 1 | N66: Sí | O66: Sí | P66: 39 | Q66: Sí | R66: Sí | S66: Sí | T66: finalizado | U66: 2026-10-v2 | V66: 2026-09-29T15:00:00.000Z | W66: Brasil | Y66: Terciario incompleto | Z66: Sí | AA66: 5 | AB66: 2 | AC66: Portugués | AE66: Español | AG66: Argentina | AI66: Regular | AJ66: 25 | AK66: Viaje interprovincial | AL66: Quincenalmente | AN66: 3 veces por semana | AP66: Empleado | AR66: Disconforme | AS66: Sí | AT66: 4.3 | AU66: Sí | AV66: En el camión al costado de la ruta | AX66: 5.7 | AY66: Nunca | AZ66: Agua | BB66: A veces | BC66: Rara vez | BD66: Sí | BE66: No | BF66: Obra social | BG66: Ninguno | BH66: Solo cuando me siento mal | BI66: Sistema público | BJ66: No | BL66: Medicamentos | BM66: Ibuprofeno | BN66: Musculoesqueléticos | BP66: Nunca | BQ66: Energizantes (Speed, Monster, Red Bull, etc.) | BS66: Sí | BT66: Sí | BU66: A veces | BV66: No | BW66: No | BX66: Varón | BY66: 81.1 | BZ66: 1.77 | CA66: 25.9 | CB66: 83 | CC66: 150 | CD66: 95 | CE66: No | CF66: No | CG66: No | CH66: No | CI66: No | CJ66: No | CK66: Sí | CL66: Sí | CM66: 07:18 | CN66: Mate | CO66: 14:30 | CP66: 149 | CQ66: 432 | CR66: Sí | CS66: 6 | CT66: Bajo | CU66: 1 % | CV66: Sí | CW66: 10 | CX66: 6 | CY66: Bajo
A67: demo-66 | B67: C1-0066 | C67: 465-30-4400 | D67: 465 | E67: 30 | F67: 4400 | G67: 46296 | H67: 13:04 | J67: C | K67: 1 | L67: Encuestador C | M67: Puesto 2 | N67: Sí | O67: Sí | P67: 38 | Q67: Sí | R67: Sí | S67: Sí | T67: finalizado | U67: 2026-10-v2 | V67: 2026-10-01T15:00:00.000Z | W67: Argentina | Y67: Secundaria completa | Z67: Sí | AA67: 2 | AB67: 3 | AC67: Guaraní | AE67: Español | AG67: Argentina | AI67: Regular | AJ67: 4 | AK67: Viaje interprovincial | AL67: Quincenalmente | AN67: 3 veces por semana | AP67: Dueño del camión | AR67: Parcialmente conforme | AS67: No | AT67: 3.2 | AU67: Sí | AV67: Paradores | AX67: 4.8 | AY67: Casi nunca | AZ67: Gaseosas; Café | BB67: Sí, siempre | BC67: No | BD67: No | BE67: Sí | BF67: Ninguna | BG67: Sistema privado | BH67: 2 veces al año | BI67: Sistema público; Otros (medicina tradicional, alternativa, etc.) | BJ67: No | BL67: Ninguno | BN67: Musculoesqueléticos | BP67: Nunca | BQ67: Café; Coca-Cola | BS67: No | BT67: No | BU67: Siempre | BV67: Sí | BW67: No | BX67: Varón | BY67: 83.2 | BZ67: 1.87 | CA67: 23.8 | CB67: 79 | CC67: 169 | CD67: 107 | CE67: No | CF67: Sí | CG67: No | CH67: No | CI67: Sí | CJ67: No | CK67: No | CL67: Sí | CM67: 07:11 | CN67: Mate | CO67: 13:30 | CP67: 173 | CQ67: 379 | CR67: Sí | CS67: 7 | CT67: Ligeramente elevado | CU67: 4 % | CV67: Sí | CW67: -7 | CX67: <1 | CY67: Bajo
A68: demo-67 | B68: C1-0067 | C68: 466-65-4400 | D68: 466 | E68: 65 | F68: 4400 | G68: 46291 | H68: 12:07 | J68: C | K68: 1 | L68: Encuestador C | M68: Puesto 1 | N68: Sí | O68: No | P68: 39 | Q68: Sí | R68: Sí | S68: Sí | T68: finalizado | U68: 2026-10-v2 | V68: 2026-09-26T15:00:00.000Z | W68: Argentina | Y68: Secundaria completa | Z68: No | AA68: 4 | AB68: 4 | AC68: Portugués | AE68: Español | AG68: Argentina | AI68: Regular | AJ68: 32 | AK68: Viaje provincial (Jujuy) | AL68: Una vez al mes | AN68: 2 veces por semana | AP68: Empleado | AR68: Disconforme | AS68: Duda | AT68: 5 | AU68: Sí | AV68: Paradores | AX68: 4 | AY68: Varias veces por semana | AZ68: Agua | BB68: A veces | BC68: Rara vez | BD68: No | BE68: Parcialmente | BF68: Obra social | BG68: Sistema público | BH68: Solo cuando me siento mal | BI68: Sistema privado | BJ68: Sí | BK68: Lumbar | BL68: Medicamentos; Hierbas | BM68: Ibuprofeno | BN68: Obesidad | BP68: Nunca | BQ68: Café | BS68: Sí | BT68: No | BU68: Nunca | BV68: Sí | BW68: No | BX68: Varón | BY68: 102.5 | BZ68: 1.81 | CA68: 31.3 | CB68: 83 | CC68: 126 | CD68: 80 | CE68: No | CF68: Sí | CG68: No | CH68: No | CI68: No | CJ68: Sí, primer grado | CK68: No | CL68: Sí | CM68: 07:17 | CN68: Mate | CO68: 11:30 | CP68: 132 | CQ68: 253 | CR68: Sí | CS68: 14 | CT68: Moderado | CU68: 17 % | CV68: Sí | CW68: 13 | CX68: 12 | CY68: Moderado
A69: demo-68 | B69: A1-0068 | C69: 068-48-4500 | D69: 68 | E69: 48 | F69: 4500 | G69: 46291 | H69: 14:06 | J69: A | K69: 1 | L69: Encuestador A | M69: Puesto 2 | N69: Sí | O69: Sí | P69: 39 | Q69: Sí | R69: Sí | S69: Sí | T69: finalizado | U69: 2026-10-v2 | V69: 2026-09-26T15:00:00.000Z | W69: Chile | Y69: Secundaria incompleta | Z69: No | AA69: 3 | AB69: 2 | AC69: Portugués | AE69: Español | AG69: Argentina | AI69: Bueno | AJ69: 25 | AK69: Viaje internacional | AL69: Una vez al mes | AN69: Una vez a la semana | AP69: Dueño del camión | AR69: Parcialmente conforme | AS69: Duda | AT69: 5.8 | AU69: Sí | AV69: Estaciones de servicio | AX69: 7.4 | AY69: Nunca | AZ69: Café | BB69: Sí, siempre | BC69: Algunas veces | BD69: No | BE69: Sí | BF69: Obra social | BG69: Sistema privado | BH69: Una vez al año | BI69: Sistema público; Otros (medicina tradicional, alternativa, etc.) | BJ69: No | BL69: Medicamentos | BM69: Ibuprofeno | BN69: Obesidad | BP69: Una vez a la semana | BQ69: No | BS69: Sí | BT69: No | BU69: A veces | BV69: Sí | BW69: No | BX69: Varón | BY69: 86.8 | BZ69: 1.82 | CA69: 26.2 | CB69: 110 | CC69: 114 | CD69: 73 | CE69: Sí | CF69: No | CG69: Sí | CH69: No | CI69: No | CJ69: No | CK69: No | CL69: Sí | CM69: 07:27 | CN69: Mate | CO69: 13:30 | CP69: 167 | CQ69: 363 | CR69: Sí | CS69: 8 | CT69: Ligeramente elevado | CU69: 4 % | CV69: Sí | CW69: 4 | CX69: 1 | CY69: Bajo
A70: demo-69 | B70: C1-0069 | C70: 468-42-4630 | D70: 468 | E70: 42 | F70: 4630 | G70: 46301 | H70: 14:05 | J70: C | K70: 1 | L70: Encuestador C | M70: Puesto 1 | N70: Sí | O70: No | P70: 38 | Q70: Sí | R70: Sí | S70: Sí | T70: finalizado | U70: 2026-10-v2 | V70: 2026-10-06T15:00:00.000Z | W70: Argentina | Y70: Universitario incompleto | Z70: Sí | AA70: 5 | AB70: 5 | AC70: Inglés | AE70: Español | AG70: Argentina | AI70: Malo | AJ70: 5 | AK70: Viaje internacional | AL70: Una vez a la semana | AN70: 3 veces por semana | AP70: Empleado | AR70: Parcialmente conforme | AS70: Sí | AT70: 3.4 | AU70: Sí | AV70: En el camión al costado de la ruta | AX70: 4.7 | AY70: Varias veces por semana | AZ70: Café | BB70: Casi nunca | BC70: Algunas veces | BD70: No | BE70: No | BF70: Obra social; Prepaga | BG70: Sistema privado | BH70: Nunca | BI70: Sistema público | BJ70: Sí | BK70: Lumbar | BL70: Ninguno | BN70: Obesidad | BP70: Nunca | BQ70: Café | BS70: Sí | BT70: Sí | BU70: A veces | BV70: No | BW70: No | BX70: Varón | BY70: 66.2 | BZ70: 1.65 | CA70: 24.3 | CB70: 95 | CC70: 133 | CD70: 84 | CE70: No | CF70: No | CG70: Sí | CH70: No | CI70: No | CJ70: No | CK70: Sí | CL70: Sí | CM70: 07:23 | CN70: Mate | CO70: 14:30 | CP70: 100 | CQ70: 427 | CR70: Sí | CS70: 6 | CT70: Bajo | CU70: 1 % | CV70: Sí | CW70: 6 | CX70: 2 | CY70: Bajo
A71: demo-70 | B71: A1-0070 | C71: 070-64-4630 | D71: 70 | E71: 64 | F71: 4630 | G71: 46301 | H71: 11:07 | J71: A | K71: 1 | L71: Encuestador A | M71: Puesto 2 | N71: Sí | O71: Sí | P71: 39 | Q71: Sí | R71: Sí | S71: Sí | T71: finalizado | U71: 2026-10-v2 | V71: 2026-10-06T15:00:00.000Z | W71: Argentina | Y71: Secundaria completa | Z71: Sí | AA71: Más de 5 | AB71: 1 | AC71: Español | AE71: Español | AG71: Argentina | AI71: Regular | AJ71: 28 | AK71: Viaje interprovincial | AL71: Una vez al mes | AN71: 2 veces por semana | AP71: Empleado | AR71: Disconforme | AS71: No | AT71: 7.5 | AU71: Sí | AV71: En el camión al costado de la ruta | AX71: 6.1 | AY71: Casi nunca | AZ71: Café; Agua; Gaseosas | BB71: Sí, siempre | BC71: Rara vez | BD71: No | BE71: Sí | BF71: Obra social | BG71: Ninguno | BH71: Una vez al año | BI71: Sistema público; Otros (medicina tradicional, alternativa, etc.) | BJ71: Sí | BK71: Rodillas | BL71: Medicamentos | BM71: Ibuprofeno | BN71: No tengo diagnóstico de enfermedad | BP71: Una vez a la semana | BQ71: Café; Coca-Cola | BS71: No | BT71: Sí | BU71: A veces | BV71: Sí | BW71: No | BX71: Varón | BY71: 87.9 | BZ71: 1.86 | CA71: 25.4 | CB71: 112 | CC71: 135 | CD71: 86 | CE71: Sí | CF71: No | CG71: No | CH71: No | CI71: Sí | CJ71: No | CK71: No | CL71: Sí | CM71: 07:40 | CN71: Mate | CO71: 12:30 | CP71: 145 | CQ71: 290 | CR71: Sí | CS71: 14 | CT71: Moderado | CU71: 17 % | CV71: Sí | CW71: 12 | CX71: 10 | CY71: Moderado
A72: demo-71 | B72: A1-0071 | C72: 071-63-4630 | D72: 71 | E72: 63 | F72: 4630 | G72: 46294 | H72: 17:06 | J72: A | K72: 1 | L72: Encuestador A | M72: Puesto 2 | N72: Sí | O72: No | P72: 39 | Q72: Sí | R72: Sí | S72: Sí | T72: borrador | U72: 2026-10-v2 | V72: 2026-09-29T15:00:00.000Z | W72: Argentina | Y72: Secundaria completa | Z72: Sí | AA72: 4 | AB72: 1 | AC72: Español | AE72: Español | AG72: Argentina | AI72: Muy malo | AJ72: 26 | AK72: Viaje interprovincial | AL72: 2 veces por semana | AN72: Una vez a la semana | AP72: Empleado | AR72: Conforme | AS72: No | AT72: 7.4 | AU72: Sí | AV72: Paradores; Estaciones de servicio | AX72: 4.5 | AY72: Varias veces por semana | AZ72: Café | BB72: A veces | BC72: No | BD72: No | BE72: Parcialmente | BF72: Obra social | BG72: Sistema privado | BH72: Nunca | BI72: Sistema público; Otros (medicina tradicional, alternativa, etc.) | BJ72: No | BL72: Medicamentos; Hierbas | BM72: Ibuprofeno | BN72: Obesidad | BP72: Nunca | BQ72: Energizantes (Speed, Monster, Red Bull, etc.) | BS72: Sí | BT72: No | BU72: Siempre | BV72: Sí | BW72: No | BX72: Varón | BY72: 110.5 | BZ72: 1.87 | CA72: 31.6 | CB72: 84 | CC72: 115 | CD72: 73 | CE72: No | CF72: No | CG72: No | CH72: Sí | CI72: No | CJ72: No | CK72: No | CL72: Sí | CM72: 07:22 | CN72: Mate | CO72: 10:30 | CP72: 111 | CQ72: 188 | CR72: Sí | CS72: 11 | CT72: Ligeramente elevado | CU72: 4 % | CV72: Sí | CW72: 12 | CX72: 10 | CY72: Moderado
A73: demo-72 | B73: C1-0072 | C73: 471-60-4400 | D73: 471 | E73: 60 | F73: 4400 | G73: 46295 | H73: 13:08 | J73: C | K73: 1 | L73: Encuestador C | M73: Puesto 2 | N73: Sí | O73: No | P73: 39 | Q73: Sí | R73: Sí | S73: Sí | T73: finalizado | U73: 2026-10-v2 | V73: 2026-09-30T15:00:00.000Z | W73: Argentina | Y73: Terciario incompleto | Z73: Sí | AA73: 5 | AB73: 4 | AC73: Inglés; Portugués | AE73: Español | AG73: Argentina | AI73: Regular | AJ73: 30 | AK73: Viaje interprovincial | AL73: Una vez a la semana | AN73: 3 veces por semana | AP73: Empleado | AR73: Conforme | AS73: No | AT73: 8.5 | AU73: Sí | AV73: En el camión al costado de la ruta | AX73: 6.5 | AY73: Todos los días | AZ73: Café; Agua | BB73: Casi nunca | BC73: Rara vez | BD73: No | BE73: Parcialmente | BF73: Obra social | BG73: Ninguno | BH73: 2 veces al año | BI73: Sistema privado | BJ73: No | BL73: Medicamentos | BM73: Ibuprofeno | BN73: Obesidad | BP73: Una vez a la semana | BQ73: No | BS73: Sí | BT73: Sí | BU73: Siempre | BV73: Sí | BW73: No | BX73: Varón | BY73: 86 | BZ73: 1.71 | CA73: 29.4 | CB73: 83 | CC73: 114 | CD73: 73 | CE73: No | CF73: No | CG73: Sí | CH73: No | CI73: No | CJ73: No | CK73: No | CL73: Sí | CM73: 07:31 | CN73: Mate | CO73: 10:30 | CP73: 170 | CQ73: 179 | CR73: Sí | CS73: 7 | CT73: Ligeramente elevado | CU73: 4 % | CV73: Sí | CW73: 11 | CX73: 8 | CY73: Bajo
A74: demo-73 | B74: C1-0073 | C74: 472-42-4630 | D74: 472 | E74: 42 | F74: 4630 | G74: 46295 | H74: 15:00 | J74: C | K74: 1 | L74: Encuestador C | M74: Puesto 2 | N74: Sí | O74: No | P74: 38 | Q74: Sí | R74: Sí | S74: No | T74: finalizado | U74: 2026-10-v2 | V74: 2026-09-30T15:00:00.000Z | W74: Chile | Y74: Secundaria completa | Z74: Sí | AA74: 2 | AB74: 4 | AC74: Guaraní | AE74: Español | AG74: Argentina | AI74: Regular | AJ74: 14 | AK74: Viaje interprovincial | AL74: 2 veces por semana | AN74: 2 veces por semana | AP74: Empleado | AR74: Conforme | AS74: Sí | AT74: 5.5 | AU74: Sí | AV74: Paradores | AX74: 6.9 | AY74: Todos los días | AZ74: Agua; Mate | BB74: Nunca | BC74: Sí | BD74: No | BE74: Sí | BF74: Obra social; Prepaga | BG74: Sistema público | BH74: Solo cuando me siento mal | BI74: Sistema público | BJ74: Sí | BK74: Lumbar | BL74: Ninguno | BN74: Musculoesqueléticos | BP74: Nunca | BQ74: Café | BS74: Sí | BT74: Sí | BU74: Nunca | BV74: No | BW74: No | BX74: Varón | BY74: 58.9 | BZ74: 1.6 | CA74: 23 | CB74: 79 | CC74: 144 | CD74: 91 | CE74: No | CF74: No | CG74: No | CH74: Sí | CI74: No | CJ74: No | CK74: Sí | CL74: No | CR74: Sí | CS74: 5 | CT74: Bajo | CU74: 1 % | CV74: Sí | CW74: 7 | CX74: 3 | CY74: Bajo
A75: demo-74 | B75: A1-0074 | C75: 074-38-4630 | D75: 74 | E75: 38 | F75: 4630 | G75: 46302 | H75: 13:02 | J75: A | K75: 1 | L75: Encuestador A | M75: Puesto 1 | N75: Sí | O75: No | P75: 39 | Q75: Sí | R75: Sí | S75: Sí | T75: finalizado | U75: 2026-10-v2 | V75: 2026-10-07T15:00:00.000Z | W75: Argentina | Y75: Terciario incompleto | Z75: No | AA75: 5 | AB75: 5 | AC75: Portugués; Guaraní | AE75: Español | AG75: Argentina | AI75: Bueno | AJ75: 4 | AK75: Viaje provincial (Jujuy) | AL75: 2 veces por semana | AN75: 2 veces por semana | AP75: Otro | AR75: Conforme | AS75: Sí | AT75: 4.1 | AU75: Sí | AV75: Paradores | AX75: 5.4 | AY75: Casi nunca | AZ75: Agua | BB75: A veces | BC75: Algunas veces | BD75: Sí | BE75: Parcialmente | BF75: Obra social | BG75: Sistema público | BH75: Solo cuando me siento mal | BI75: Sistema privado | BJ75: Sí | BK75: Cervical | BL75: Medicamentos; Hierbas | BM75: Ibuprofeno | BN75: Obesidad | BP75: Rara vez | BQ75: Café; Coca-Cola | BS75: No | BT75: Sí | BU75: Nunca | BV75: No | BW75: No | BX75: Varón | BY75: 79.6 | BZ75: 1.76 | CA75: 25.7 | CB75: 102 | CC75: 163 | CD75: 103 | CE75: No | CF75: No | CG75: Sí | CH75: No | CI75: Sí | CJ75: No | CK75: Sí | CL75: Sí | CM75: 07:42 | CN75: Mate | CO75: 11:30 | CP75: 163 | CQ75: 228 | CR75: Sí | CS75: 12 | CT75: Moderado | CU75: 17 % | CV75: Sí | CW75: 7 | CX75: 3 | CY75: Bajo
A76: demo-75 | B76: B1-0075 | C76: 274-58-4400 | D76: 274 | E76: 58 | F76: 4400 | G76: 46301 | H76: 11:01 | J76: B | K76: 1 | L76: Encuestador B | M76: Puesto 1 | N76: Sí | O76: Sí | P76: 39 | Q76: Sí | R76: Sí | S76: Sí | T76: finalizado | U76: 2026-10-v2 | V76: 2026-10-06T15:00:00.000Z | W76: Argentina | Y76: Universitario incompleto | Z76: Sí | AA76: 3 | AB76: 4 | AC76: Guaraní | AE76: Español | AG76: Argentina | AI76: Bueno | AJ76: 31 | AK76: Viaje interprovincial | AL76: 2 veces por semana | AN76: 2 veces por semana | AP76: Dueño del camión | AR76: Conforme | AS76: Sí | AT76: 2.9 | AU76: Sí | AV76: En el camión al costado de la ruta | AX76: 5.8 | AY76: Casi nunca | AZ76: Café; Mate | BB76: Sí, siempre | BC76: Algunas veces | BD76: No | BE76: No | BF76: Obra social | BG76: Sistema privado | BH76: Una vez al año | BI76: Sistema público | BJ76: No | BL76: Medicamentos | BM76: Ibuprofeno | BN76: Musculoesqueléticos | BP76: Una vez a la semana | BQ76: Café; Coca-Cola | BS76: No | BT76: No | BU76: Nunca | BV76: Sí | BW76: No | BX76: Varón | BY76: 100.9 | BZ76: 1.84 | CA76: 29.8 | CB76: 112 | CC76: 161 | CD76: 102 | CE76: No | CF76: Sí | CG76: Sí | CH76: No | CI76: No | CJ76: Sí, parientes lejanos | CK76: No | CL76: Sí | CM76: 07:46 | CN76: Mate | CO76: 11:30 | CP76: 165 | CQ76: 224 | CR76: Sí | CS76: 13 | CT76: Moderado | CU76: 17 % | CV76: Sí | CW76: 11 | CX76: 8 | CY76: Bajo
A77: demo-76 | B77: B1-0076 | C77: 275-30-4400 | D77: 275 | E77: 30 | F77: 4400 | G77: 46291 | H77: 16:05 | J77: B | K77: 1 | L77: Encuestador B | M77: Puesto 1 | N77: Sí | O77: Sí | P77: 39 | Q77: Sí | R77: Sí | S77: No | T77: finalizado | U77: 2026-10-v2 | V77: 2026-09-26T15:00:00.000Z | W77: Argentina | Y77: Universitario incompleto | Z77: Sí | AA77: Más de 5 | AB77: Más de 5 | AC77: Guaraní | AE77: Español | AG77: Argentina | AI77: Bueno | AJ77: 7 | AK77: Viaje internacional | AL77: Una vez a la semana | AN77: Diariamente | AP77: Dueño del camión | AR77: Conforme | AS77: No | AT77: 4.4 | AU77: No | AV77: En el camión al costado de la ruta | AX77: 4.5 | AY77: Casi nunca | AZ77: Café; Agua | BB77: A veces | BC77: Sí | BD77: No | BE77: Parcialmente | BF77: Obra social; Prepaga | BG77: Sistema privado | BH77: Nunca | BI77: Sistema público; Otros (medicina tradicional, alternativa, etc.) | BJ77: Sí | BK77: Cervical | BL77: Medicamentos; Hierbas | BM77: Ibuprofeno | BN77: Obesidad | BP77: Rara vez | BQ77: No | BS77: No | BT77: Sí | BU77: Nunca | BV77: No | BW77: No | BX77: Varón | BY77: 80.9 | BZ77: 1.6 | CA77: 31.6 | CB77: 99 | CC77: 142 | CD77: 90 | CE77: No | CF77: Sí | CG77: No | CH77: No | CI77: Sí | CJ77: No | CK77: Sí | CL77: No | CR77: Sí | CS77: 13 | CT77: Moderado | CU77: 17 % | CV77: Sí | CW77: 3 | CX77: 1 | CY77: Bajo
A78: demo-77 | B78: C1-0077 | C78: 476-43-4600 | D78: 476 | E78: 43 | F78: 4600 | G78: 46291 | H78: 11:03 | J78: C | K78: 1 | L78: Encuestador C | M78: Puesto 1 | N78: Sí | O78: Sí | P78: 39 | Q78: Sí | R78: Sí | S78: Sí | T78: finalizado | U78: 2026-10-v2 | V78: 2026-09-26T15:00:00.000Z | W78: Chile | Y78: Secundaria completa | Z78: No | AA78: Más de 5 | AB78: 3 | AC78: Guaraní; Portugués | AE78: Español | AG78: Argentina | AI78: Regular | AJ78: 22 | AK78: Viaje interprovincial | AL78: Una vez a la semana | AN78: 2 veces por semana | AP78: Dueño del camión | AR78: Conforme | AS78: Sí | AT78: 7.4 | AU78: Sí | AV78: Estaciones de servicio | AX78: 5.4 | AY78: Nunca | AZ78: Jugos artificiales; Gaseosas | BB78: Casi nunca | BC78: No | BD78: No | BE78: Parcialmente | BF78: Obra social | BG78: Sistema privado | BH78: 2 veces al año | BI78: Sistema público; Otros (medicina tradicional, alternativa, etc.) | BJ78: Sí | BK78: Rodillas | BL78: Medicamentos; Hierbas | BM78: Ibuprofeno | BN78: Musculoesqueléticos; Digestivas | BP78: Nunca | BQ78: Yerba mate | BS78: Sí | BT78: No | BU78: Nunca | BV78: Sí | BW78: No | BX78: Varón | BY78: 92.5 | BZ78: 1.73 | CA78: 30.9 | CB78: 81 | CC78: 162 | CD78: 102 | CE78: No | CF78: No | CG78: No | CH78: No | CI78: No | CJ78: Sí, primer grado | CK78: No | CL78: Sí | CM78: 07:27 | CN78: Mate | CO78: 11:30 | CP78: 109 | CQ78: 243 | CR78: Sí | CS78: 11 | CT78: Ligeramente elevado | CU78: 4 % | CV78: Sí | CW78: 4 | CX78: 1 | CY78: Bajo
A79: demo-78 | B79: A1-0078 | C79: 078-67-4612 | D79: 78 | E79: 67 | F79: 4612 | G79: 46290 | H79: 15:01 | J79: A | K79: 1 | L79: Encuestador A | M79: Puesto 2 | N79: Sí | O79: Sí | P79: 38 | Q79: Sí | R79: Sí | S79: No | T79: finalizado | U79: 2026-10-v2 | V79: 2026-09-25T15:00:00.000Z | W79: Argentina | Y79: Secundaria completa | Z79: Sí | AA79: 5 | AB79: 3 | AC79: Inglés; Portugués | AE79: Español | AG79: Argentina | AI79: Regular | AJ79: 7 | AK79: Viaje internacional | AL79: Quincenalmente | AN79: Una vez a la semana | AP79: Otro | AR79: Conforme | AS79: Sí | AT79: 7.8 | AU79: Sí | AV79: Estaciones de servicio; Paradores | AX79: 6.2 | AY79: Varias veces por semana | AZ79: Café | BB79: Casi nunca | BC79: Algunas veces | BD79: No | BE79: Parcialmente | BF79: Ninguna | BG79: Sistema privado | BH79: Una vez al año | BI79: Sistema público; Otros (medicina tradicional, alternativa, etc.) | BJ79: Sí | BK79: Rodillas | BL79: Ninguno | BN79: Obesidad | BP79: 2 a 3 veces por semana | BQ79: No | BS79: Sí | BT79: No | BU79: Siempre | BV79: Sí | BW79: No | BX79: Mujer | BY79: 99.4 | BZ79: 1.7 | CA79: 34.4 | CB79: 86 | CC79: 136 | CD79: 86 | CE79: Sí | CF79: No | CG79: No | CH79: No | CI79: No | CJ79: Sí, parientes lejanos | CK79: Sí | CL79: No | CR79: Sí | CS79: 14 | CT79: Moderado | CU79: 17 % | CV79: Sí | CW79: 21 | CX79: 14 | CY79: Moderado
A80: demo-79 | B80: C1-0079 | C80: 478-64-4630 | D80: 478 | E80: 64 | F80: 4630 | G80: 46290 | H80: 12:01 | J80: C | K80: 1 | L80: Encuestador C | M80: Puesto 2 | N80: Sí | O80: Sí | P80: 39 | Q80: Sí | R80: Sí | S80: Sí | T80: finalizado | U80: 2026-10-v2 | V80: 2026-09-25T15:00:00.000Z | W80: Chile | Y80: Universitario incompleto | Z80: No | AA80: Más de 5 | AB80: 2 | AC80: Español | AE80: Español | AG80: Argentina | AI80: Bueno | AJ80: 11 | AK80: Viaje interprovincial | AL80: 2 veces por semana | AN80: Diariamente | AP80: Dueño del camión | AR80: Disconforme | AS80: Sí | AT80: 6.5 | AU80: Sí | AV80: En el camión al costado de la ruta | AX80: 6.6 | AY80: Todos los días | AZ80: Mate | BB80: Nunca | BC80: Sí | BD80: No | BE80: Sí | BF80: Obra social | BG80: Ninguno | BH80: Una vez al año | BI80: Sistema privado | BJ80: No | BL80: Medicamentos; Hierbas | BM80: Ibuprofeno | BN80: No tengo diagnóstico de enfermedad | BP80: 2 a 3 veces por semana | BQ80: Café; Coca-Cola | BS80: Sí | BT80: No | BU80: Siempre | BV80: No | BW80: No | BX80: Varón | BY80: 70.5 | BZ80: 1.65 | CA80: 25.9 | CB80: 78 | CC80: 170 | CD80: 107 | CE80: Sí | CF80: Sí | CG80: No | CH80: Sí | CI80: No | CJ80: No | CK80: Sí | CL80: Sí | CM80: 07:19 | CN80: Mate | CO80: 13:30 | CP80: 111 | CQ80: 371 | CR80: Sí | CS80: 6 | CT80: Bajo | CU80: 1 % | CV80: Sí | CW80: 15 | CX80: 20 | CY80: Alto
A81: demo-80 | B81: C1-0080 | C81: 479-56-4612 | D81: 479 | E81: 56 | F81: 4612 | G81: 46289 | H81: 17:07 | J81: C | K81: 1 | L81: Encuestador C | M81: Puesto 2 | N81: Sí | O81: No | P81: 39 | Q81: Sí | R81: Sí | S81: Sí | T81: finalizado | U81: 2026-10-v2 | V81: 2026-09-24T15:00:00.000Z | W81: Argentina | Y81: Universitario incompleto | Z81: Sí | AA81: 2 | AB81: 3 | AC81: Español | AE81: Español | AG81: Argentina | AI81: Bueno | AJ81: 35 | AK81: Viaje provincial (Jujuy) | AL81: Una vez al mes | AN81: Diariamente | AP81: Empleado | AR81: Disconforme | AS81: Duda | AT81: 6.2 | AU81: Sí | AV81: Estaciones de servicio | AX81: 4.7 | AY81: Casi nunca | AZ81: Café | BB81: A veces | BC81: Algunas veces | BD81: No | BE81: No | BF81: Obra social | BG81: Sistema público | BH81: Nunca | BI81: Sistema privado | BJ81: No | BL81: Medicamentos | BM81: Ibuprofeno | BN81: Musculoesqueléticos; Digestivas | BP81: 2 a 3 veces por semana | BQ81: Energizantes (Speed, Monster, Red Bull, etc.) | BS81: Sí | BT81: No | BU81: A veces | BV81: No | BW81: No | BX81: Varón | BY81: 118.3 | BZ81: 1.82 | CA81: 35.7 | CB81: 90 | CC81: 141 | CD81: 89 | CE81: Sí | CF81: No | CG81: No | CH81: No | CI81: No | CJ81: No | CK81: No | CL81: Sí | CM81: 07:37 | CN81: Mate | CO81: 10:30 | CP81: 114 | CQ81: 173 | CR81: Sí | CS81: 7 | CT81: Ligeramente elevado | CU81: 4 % | CV81: Sí | CW81: 11 | CX81: 8 | CY81: Bajo
A82: demo-81 | B82: C1-0081 | C82: 480-39-4400 | D82: 480 | E82: 39 | F82: 4400 | G82: 46301 | H82: 17:07 | J82: C | K82: 1 | L82: Encuestador C | M82: Puesto 2 | N82: Sí | O82: No | P82: 39 | Q82: Sí | R82: No | S82: No | T82: borrador | U82: 2026-10-v2 | V82: 2026-10-06T15:00:00.000Z | W82: Argentina | Y82: Secundaria completa | Z82: Sí | AA82: 3 | AB82: 3 | AC82: Inglés | AE82: Español | AG82: Argentina | AI82: Malo | AJ82: 10 | AK82: Viaje internacional | AL82: Quincenalmente | AN82: 2 veces por semana | AP82: Dueño del camión | AR82: Conforme | AS82: Sí | AT82: 6.7 | AU82: No | AV82: Estaciones de servicio; Paradores | AX82: 4.2 | AY82: Casi nunca | AZ82: Gaseosas; Mate | BB82: A veces | BC82: No | BD82: No | BE82: Sí | BF82: Obra social | BG82: Sistema privado | BH82: Nunca | BI82: Sistema público | BJ82: Sí | BK82: Lumbar | BL82: Medicamentos | BM82: Ibuprofeno | BN82: No tengo diagnóstico de enfermedad | BP82: Rara vez | BQ82: No | BS82: No | BT82: Sí | BU82: A veces | BV82: No
A83: demo-82 | B83: B1-0082 | C83: 281-52-4600 | D83: 281 | E83: 52 | F83: 4600 | G83: 46289 | H83: 13:08 | J83: B | K83: 1 | L83: Encuestador B | M83: Puesto 1 | N83: Sí | O83: Sí | P83: 39 | Q83: Sí | R83: Sí | S83: No | T83: finalizado | U83: 2026-10-v2 | V83: 2026-09-24T15:00:00.000Z | W83: Argentina | Y83: Universitario completo | Z83: No | AA83: 5 | AB83: Más de 5 | AC83: Guaraní | AE83: Español | AG83: Argentina | AI83: Regular | AJ83: 12 | AK83: Viaje internacional | AL83: 2 veces por semana | AN83: Una vez a la semana | AP83: Empleado | AR83: Disconforme | AS83: No | AT83: 4.9 | AU83: Sí | AV83: Paradores | AX83: 6.7 | AY83: Varias veces por semana | AZ83: Gaseosas | BB83: A veces | BC83: Rara vez | BD83: No | BE83: No | BF83: Ninguna | BG83: Sistema público | BH83: 2 veces al año | BI83: Sistema privado | BJ83: No | BL83: Medicamentos | BM83: Ibuprofeno | BN83: Musculoesqueléticos; Digestivas | BP83: 2 a 3 veces por semana | BQ83: Yerba mate | BS83: No | BT83: No | BU83: Nunca | BV83: Sí | BW83: No | BX83: Varón | BY83: 98.5 | BZ83: 1.68 | CA83: 34.9 | CB83: 85 | CC83: 143 | CD83: 91 | CE83: Sí | CF83: No | CG83: No | CH83: No | CI83: No | CJ83: No | CK83: No | CL83: No | CR83: Sí | CS83: 6 | CT83: Bajo | CU83: 1 % | CV83: Sí | CW83: 9 | CX83: 5 | CY83: Bajo
A84: demo-83 | B84: B1-0083 | C84: 282-39-4600 | D84: 282 | E84: 39 | F84: 4600 | G84: 46294 | H84: 13:02 | J84: B | K84: 1 | L84: Encuestador B | M84: Puesto 2 | N84: Sí | O84: Sí | P84: 39 | Q84: Sí | R84: Sí | S84: Sí | T84: finalizado | U84: 2026-10-v2 | V84: 2026-09-29T15:00:00.000Z | W84: Paraguay | Y84: Secundaria completa | Z84: Sí | AA84: Más de 5 | AB84: 5 | AC84: Portugués; Inglés | AE84: Español | AG84: Argentina | AI84: Regular | AJ84: 14 | AK84: Viaje provincial (Jujuy) | AL84: Una vez al mes | AN84: Diariamente | AP84: Empleado | AR84: Conforme | AS84: Duda | AT84: 3.6 | AU84: Sí | AV84: Estaciones de servicio; Paradores | AX84: 4.5 | AY84: Casi nunca | AZ84: Gaseosas | BB84: A veces | BC84: Rara vez | BD84: No | BE84: No | BF84: Obra social | BG84: Ninguno | BH84: Una vez al año | BI84: Sistema privado | BJ84: Sí | BK84: Cervical | BL84: Medicamentos; Hierbas | BM84: Ibuprofeno | BN84: Musculoesqueléticos | BP84: 2 a 3 veces por semana | BQ84: Energizantes (Speed, Monster, Red Bull, etc.) | BS84: Sí | BT84: No | BU84: A veces | BV84: No | BW84: No | BX84: Varón | BY84: 84.4 | BZ84: 1.83 | CA84: 25.2 | CB84: 100 | CC84: 156 | CD84: 99 | CE84: No | CF84: Sí | CG84: Sí | CH84: No | CI84: No | CJ84: Sí, parientes lejanos | CK84: Sí | CL84: Sí | CM84: 07:48 | CN84: Mate | CO84: 12:30 | CP84: 133 | CQ84: 282 | CR84: Sí | CS84: 9 | CT84: Ligeramente elevado | CU84: 4 % | CV84: Sí | CW84: 6 | CX84: 2 | CY84: Bajo
A85: demo-84 | B85: B1-0084 | C85: 283-29-4630 | D85: 283 | E85: 29 | F85: 4630 | G85: 46301 | H85: 15:03 | J85: B | K85: 1 | L85: Encuestador B | M85: Puesto 2 | N85: Sí | O85: Sí | P85: 39 | Q85: Sí | R85: Sí | S85: Sí | T85: finalizado | U85: 2026-10-v2 | V85: 2026-10-06T15:00:00.000Z | W85: Argentina | Y85: Secundaria incompleta | Z85: No | AA85: 2 | AB85: 5 | AC85: Español; Portugués | AE85: Español | AG85: Argentina | AI85: Regular | AJ85: 8 | AK85: Viaje provincial (Jujuy) | AL85: Quincenalmente | AN85: 2 veces por semana | AP85: Empleado | AR85: Disconforme | AS85: Duda | AT85: 7.6 | AU85: Sí | AV85: Estaciones de servicio | AX85: 5.6 | AY85: Varias veces por semana | AZ85: Gaseosas; Jugos artificiales; Agua | BB85: Sí, siempre | BC85: Sí | BD85: No | BE85: Sí | BF85: Obra social | BG85: Ninguno | BH85: Una vez al año | BI85: Sistema público; Otros (medicina tradicional, alternativa, etc.) | BJ85: No | BL85: Medicamentos; Hierbas | BM85: Ibuprofeno | BN85: Musculoesqueléticos | BP85: Nunca | BQ85: Café | BS85: No | BT85: No | BU85: Siempre | BV85: No | BW85: No | BX85: Varón | BY85: 106.8 | BZ85: 1.81 | CA85: 32.6 | CB85: 98 | CC85: 139 | CD85: 88 | CE85: No | CF85: Sí | CG85: Sí | CH85: No | CI85: No | CJ85: No | CK85: Sí | CL85: Sí | CM85: 07:37 | CN85: Mate | CO85: 14:30 | CP85: 113 | CQ85: 413 | CR85: Sí | CS85: 8 | CT85: Ligeramente elevado | CU85: 4 % | CV85: Sí | CW85: 3 | CX85: 1 | CY85: Bajo
A86: demo-85 | B86: A1-0085 | C86: 085-66-4500 | D86: 85 | E86: 66 | F86: 4500 | G86: 46289 | H86: 12:07 | J86: A | K86: 1 | L86: Encuestador A | M86: Puesto 1 | N86: Sí | O86: Sí | P86: 38 | Q86: Sí | R86: Sí | S86: Sí | T86: finalizado | U86: 2026-10-v2 | V86: 2026-09-24T15:00:00.000Z | W86: Argentina | Y86: Secundaria completa | Z86: Sí | AA86: 2 | AB86: 4 | AC86: Portugués; Guaraní | AE86: Español | AG86: Argentina | AI86: Regular | AJ86: 16 | AK86: Viaje provincial (Jujuy) | AL86: Una vez a la semana | AN86: Una vez a la semana | AP86: Empleado | AR86: Conforme | AS86: Sí | AT86: 7.3 | AU86: Sí | AV86: En el camión al costado de la ruta | AX86: 6.5 | AY86: Varias veces por semana | AZ86: Gaseosas; Mate | BB86: Nunca | BC86: Rara vez | BD86: No | BE86: Sí | BF86: Obra social | BG86: Ninguno | BH86: 2 veces al año | BI86: Sistema privado | BJ86: No | BL86: Ninguno | BN86: Obesidad | BP86: 2 a 3 veces por semana | BQ86: Café; Coca-Cola | BS86: Sí | BT86: Sí | BU86: A veces | BV86: No | BW86: No | BX86: Varón | BY86: 104.2 | BZ86: 1.87 | CA86: 29.8 | CB86: 104 | CC86: 143 | CD86: 91 | CE86: No | CF86: No | CG86: Sí | CH86: No | CI86: No | CJ86: No | CK86: No | CL86: Sí | CM86: 07:48 | CN86: Mate | CO86: 10:30 | CP86: 181 | CQ86: 162 | CR86: Sí | CS86: 12 | CT86: Moderado | CU86: 17 % | CV86: Sí | CW86: 13 | CX86: 12 | CY86: Moderado
A87: demo-86 | B87: A1-0086 | C87: 086-52-4630 | D87: 86 | E87: 52 | F87: 4630 | G87: 46291 | H87: 15:01 | J87: A | K87: 1 | L87: Encuestador A | M87: Puesto 1 | N87: Sí | O87: Sí | P87: 39 | Q87: Sí | R87: No | S87: No | T87: finalizado | U87: 2026-10-v2 | V87: 2026-09-26T15:00:00.000Z | W87: Brasil | Y87: Secundaria completa | Z87: Sí | AA87: Más de 5 | AB87: 2 | AC87: Guaraní; Portugués | AE87: Español | AG87: Argentina | AI87: Regular | AJ87: 24 | AK87: Viaje interprovincial | AL87: Quincenalmente | AN87: Una vez a la semana | AP87: Dueño del camión | AR87: Conforme | AS87: Duda | AT87: 2.8 | AU87: Sí | AV87: Estaciones de servicio; En el camión al costado de la ruta | AX87: 5.4 | AY87: Todos los días | AZ87: Café | BB87: Casi nunca | BC87: Rara vez | BD87: No | BE87: Sí | BF87: Ninguna | BG87: Sistema público | BH87: Solo cuando me siento mal | BI87: Sistema privado | BJ87: Sí | BK87: Lumbar | BL87: Medicamentos; Hierbas | BM87: Ibuprofeno | BN87: Obesidad | BP87: Rara vez | BQ87: Café | BS87: Sí | BT87: Sí | BU87: Siempre | BV87: Sí
A88: demo-87 | B88: C1-0087 | C88: 486-32-4500 | D88: 486 | E88: 32 | F88: 4500 | G88: 46302 | H88: 17:06 | J88: C | K88: 1 | L88: Encuestador C | M88: Puesto 1 | N88: Sí | O88: Sí | P88: 39 | Q88: Sí | R88: Sí | S88: Sí | T88: finalizado | U88: 2026-10-v2 | V88: 2026-10-07T15:00:00.000Z | W88: Argentina | Y88: Secundaria completa | Z88: Sí | AA88: 4 | AB88: 2 | AC88: Portugués; Guaraní | AE88: Español | AG88: Argentina | AI88: Regular | AJ88: 3 | AK88: Viaje interprovincial | AL88: Una vez al mes | AN88: 3 veces por semana | AP88: Empleado | AR88: Parcialmente conforme | AS88: Sí | AT88: 5.5 | AU88: Sí | AV88: Estaciones de servicio | AX88: 6.1 | AY88: Varias veces por semana | AZ88: Jugos artificiales | BB88: Casi nunca | BC88: Algunas veces | BD88: No | BE88: Sí | BF88: Obra social | BG88: Sistema público | BH88: Una vez al año | BI88: Sistema público; Otros (medicina tradicional, alternativa, etc.) | BJ88: No | BL88: Medicamentos; Hierbas | BM88: Ibuprofeno | BN88: Musculoesqueléticos | BP88: Una vez a la semana | BQ88: Yerba mate | BS88: No | BT88: No | BU88: Nunca | BV88: No | BW88: No | BX88: Varón | BY88: 65.3 | BZ88: 1.61 | CA88: 25.2 | CB88: 106 | CC88: 123 | CD88: 78 | CE88: No | CF88: Sí | CG88: No | CH88: No | CI88: No | CJ88: No | CK88: No | CL88: Sí | CM88: 07:39 | CN88: Mate | CO88: 12:30 | CP88: 87 | CQ88: 291 | CR88: Sí | CS88: 7 | CT88: Ligeramente elevado | CU88: 4 % | CV88: Sí | CW88: -8 | CX88: <1 | CY88: Bajo
A89: demo-88 | B89: B1-0088 | C89: 287-41-4500 | D89: 287 | E89: 41 | F89: 4500 | G89: 46291 | H89: 13:09 | J89: B | K89: 1 | L89: Encuestador B | M89: Puesto 2 | N89: Sí | O89: Sí | P89: 39 | Q89: Sí | R89: Sí | S89: No | T89: finalizado | U89: 2026-10-v2 | V89: 2026-09-26T15:00:00.000Z | W89: Argentina | Y89: Secundaria completa | Z89: Sí | AA89: 4 | AB89: 5 | AC89: Portugués; Español | AE89: Español | AG89: Argentina | AI89: Regular | AJ89: 20 | AK89: Viaje provincial (Jujuy) | AL89: Quincenalmente | AN89: Diariamente | AP89: Dueño del camión | AR89: Parcialmente conforme | AS89: Duda | AT89: 5.1 | AU89: Sí | AV89: En el camión al costado de la ruta | AX89: 8 | AY89: Todos los días | AZ89: Agua; Gaseosas | BB89: Casi nunca | BC89: Sí | BD89: No | BE89: Sí | BF89: Ninguna | BG89: Ninguno | BH89: Una vez al año | BI89: Sistema público; Otros (medicina tradicional, alternativa, etc.) | BJ89: No | BL89: Medicamentos | BM89: Ibuprofeno | BN89: No tengo diagnóstico de enfermedad | BP89: Una vez a la semana | BQ89: Café | BS89: Sí | BT89: Sí | BU89: A veces | BV89: Sí | BW89: No | BX89: Varón | BY89: 78.5 | BZ89: 1.79 | CA89: 24.5 | CB89: 110 | CC89: 151 | CD89: 96 | CE89: Sí | CF89: Sí | CG89: Sí | CH89: No | CI89: Sí | CJ89: No | CK89: No | CL89: No | CR89: Sí | CS89: 9 | CT89: Ligeramente elevado | CU89: 4 % | CV89: Sí | CW89: 1 | CX89: 1 | CY89: Bajo
A90: demo-89 | B90: A1-0089 | C90: 089-27-4600 | D90: 89 | E90: 27 | F90: 4600 | G90: 46290 | H90: 15:03 | J90: A | K90: 1 | L90: Encuestador A | M90: Puesto 2 | N90: Sí | O90: Sí | P90: 39 | Q90: Sí | R90: Sí | S90: Sí | T90: finalizado | U90: 2026-10-v2 | V90: 2026-09-25T15:00:00.000Z | W90: Argentina | Y90: Terciario incompleto | Z90: Sí | AA90: 3 | AB90: 5 | AC90: Guaraní | AE90: Español | AG90: Argentina | AI90: Bueno | AJ90: 2 | AK90: Viaje internacional | AL90: Una vez al mes | AN90: 2 veces por semana | AP90: Empleado | AR90: Parcialmente conforme | AS90: Sí | AT90: 2.9 | AU90: Sí | AV90: Estaciones de servicio | AX90: 5.4 | AY90: Varias veces por semana | AZ90: Agua | BB90: Nunca | BC90: Rara vez | BD90: No | BE90: Sí | BF90: Obra social | BG90: Sistema privado | BH90: 2 veces al año | BI90: Sistema privado | BJ90: Sí | BK90: Rodillas | BL90: Medicamentos; Hierbas | BM90: Ibuprofeno | BN90: Obesidad | BP90: Rara vez | BQ90: Café | BS90: Sí | BT90: Sí | BU90: Siempre | BV90: No | BW90: No | BX90: Varón | BY90: 102.6 | BZ90: 1.75 | CA90: 33.5 | CB90: 84 | CC90: 123 | CD90: 78 | CE90: No | CF90: No | CG90: No | CH90: No | CI90: No | CJ90: Sí, primer grado | CK90: No | CL90: Sí | CM90: 07:37 | CN90: Mate | CO90: 14:30 | CP90: 156 | CQ90: 413 | CR90: Sí | CS90: 11 | CT90: Ligeramente elevado | CU90: 4 % | CV90: Sí | CW90: -6 | CX90: <1 | CY90: Bajo
A91: demo-90 | B91: B1-0090 | C91: 289-50-4600 | D91: 289 | E91: 50 | F91: 4600 | G91: 46290 | H91: 11:04 | J91: B | K91: 1 | L91: Encuestador B | M91: Puesto 1 | N91: Sí | O91: No | P91: 39 | Q91: Sí | R91: Sí | S91: Sí | T91: finalizado | U91: 2026-10-v2 | V91: 2026-09-25T15:00:00.000Z | W91: Argentina | Y91: Secundaria incompleta | Z91: No | AA91: 2 | AB91: 1 | AC91: Español | AE91: Español | AG91: Argentina | AI91: Regular | AJ91: 25 | AK91: Viaje internacional | AL91: 2 veces por semana | AN91: Una vez a la semana | AP91: Otro | AR91: Disconforme | AS91: Sí | AT91: 3.2 | AU91: Sí | AV91: En el camión al costado de la ruta; Estaciones de servicio | AX91: 5.2 | AY91: Varias veces por semana | AZ91: Café; Mate | BB91: Sí, siempre | BC91: Rara vez | BD91: No | BE91: Parcialmente | BF91: Seguro de salud | BG91: Sistema privado | BH91: Nunca | BI91: Sistema público | BJ91: Sí | BK91: Rodillas | BL91: Medicamentos | BM91: Ibuprofeno | BN91: No tengo diagnóstico de enfermedad | BP91: Rara vez | BQ91: Energizantes (Speed, Monster, Red Bull, etc.) | BS91: No | BT91: Sí | BU91: A veces | BV91: No | BW91: No | BX91: Varón | BY91: 107.1 | BZ91: 1.78 | CA91: 33.8 | CB91: 114 | CC91: 166 | CD91: 105 | CE91: No | CF91: No | CG91: No | CH91: No | CI91: No | CJ91: No | CK91: No | CL91: Sí | CM91: 07:45 | CN91: Mate | CO91: 14:30 | CP91: 167 | CQ91: 405 | CR91: Sí | CS91: 12 | CT91: Moderado | CU91: 17 % | CV91: Sí | CW91: 10 | CX91: 6 | CY91: Bajo
A92: demo-91 | B92: C1-0091 | C92: 490-48-4500 | D92: 490 | E92: 48 | F92: 4500 | G92: 46291 | H92: 16:06 | J92: C | K92: 1 | L92: Encuestador C | M92: Puesto 2 | N92: Sí | O92: No | P92: 39 | Q92: Sí | R92: Sí | S92: Sí | T92: borrador | U92: 2026-10-v2 | V92: 2026-09-26T15:00:00.000Z | W92: Brasil | Y92: Terciario completo | Z92: No | AA92: Más de 5 | AB92: 1 | AC92: Español | AE92: Español | AG92: Argentina | AI92: Bueno | AJ92: 22 | AK92: Viaje provincial (Jujuy) | AL92: Quincenalmente | AN92: Una vez a la semana | AP92: Otro | AR92: Disconforme | AS92: Duda | AT92: 7.2 | AU92: Sí | AV92: Paradores; Estaciones de servicio | AX92: 4.1 | AY92: Nunca | AZ92: Gaseosas; Mate | BB92: Casi nunca | BC92: Algunas veces | BD92: No | BE92: No | BF92: Ninguna | BG92: Sistema público | BH92: 2 veces al año | BI92: Sistema público | BJ92: Sí | BK92: Lumbar | BL92: Medicamentos | BM92: Ibuprofeno | BN92: Obesidad | BP92: Nunca | BQ92: Energizantes (Speed, Monster, Red Bull, etc.) | BS92: Sí | BT92: No | BU92: Siempre | BV92: Sí | BW92: No | BX92: Varón | BY92: 117 | BZ92: 1.85 | CA92: 34.2 | CB92: 79 | CC92: 146 | CD92: 93 | CE92: Sí | CF92: No | CG92: No | CH92: Sí | CI92: No | CJ92: Sí, primer grado | CK92: No | CL92: Sí | CM92: 07:48 | CN92: Mate | CO92: 13:30 | CP92: 156 | CQ92: 342 | CR92: Sí | CS92: 13 | CT92: Moderado | CU92: 17 % | CV92: Sí | CW92: 7 | CX92: 3 | CY92: Bajo
A93: demo-92 | B93: A1-0092 | C93: 092-57-4500 | D93: 92 | E93: 57 | F93: 4500 | G93: 46302 | H93: 16:02 | J93: A | K93: 1 | L93: Encuestador A | M93: Puesto 2 | N93: Sí | O93: No | P93: 39 | Q93: Sí | R93: No | S93: No | T93: finalizado | U93: 2026-10-v2 | V93: 2026-10-07T15:00:00.000Z | W93: Brasil | Y93: Primaria completa | Z93: Sí | AA93: 5 | AB93: 2 | AC93: Portugués; Inglés | AE93: Español | AG93: Argentina | AI93: Muy bueno | AJ93: 18 | AK93: Viaje provincial (Jujuy) | AL93: 2 veces por semana | AN93: 2 veces por semana | AP93: Empleado | AR93: Disconforme | AS93: Duda | AT93: 5.5 | AU93: Sí | AV93: En el camión al costado de la ruta | AX93: 7.2 | AY93: Todos los días | AZ93: Café; Agua | BB93: A veces | BC93: No | BD93: No | BE93: Sí | BF93: Ninguna | BG93: Sistema privado | BH93: Una vez al año | BI93: Sistema público | BJ93: No | BL93: Medicamentos | BM93: Ibuprofeno | BN93: No tengo diagnóstico de enfermedad | BP93: Nunca | BQ93: Yerba mate | BS93: No | BT93: Sí | BU93: Nunca | BV93: Sí
A94: demo-93 | B94: B1-0093 | C94: 292-27-4612 | D94: 292 | E94: 27 | F94: 4612 | G94: 46294 | H94: 12:04 | J94: B | K94: 1 | L94: Encuestador B | M94: Puesto 1 | N94: Sí | O94: Sí | P94: 39 | Q94: Sí | R94: Sí | S94: Sí | T94: finalizado | U94: 2026-10-v2 | V94: 2026-09-29T15:00:00.000Z | W94: Brasil | Y94: Terciario incompleto | Z94: Sí | AA94: Más de 5 | AB94: 4 | AC94: Portugués | AE94: Español | AG94: Argentina | AI94: Malo | AJ94: 4 | AK94: Viaje interprovincial | AL94: Quincenalmente | AN94: 3 veces por semana | AP94: Empleado | AR94: Parcialmente conforme | AS94: Duda | AT94: 7.9 | AU94: Sí | AV94: Estaciones de servicio | AX94: 5.2 | AY94: Casi nunca | AZ94: Mate | BB94: Nunca | BC94: No | BD94: No | BE94: No | BF94: Obra social | BG94: Sistema público | BH94: Nunca | BI94: Sistema privado | BJ94: Sí | BK94: Rodillas | BL94: Medicamentos | BM94: Ibuprofeno | BN94: Musculoesqueléticos; Digestivas | BP94: 2 a 3 veces por semana | BQ94: Café; Coca-Cola | BS94: Sí | BT94: Sí | BU94: A veces | BV94: No | BW94: No | BX94: Varón | BY94: 64.8 | BZ94: 1.72 | CA94: 21.9 | CB94: 93 | CC94: 140 | CD94: 89 | CE94: Sí | CF94: No | CG94: No | CH94: No | CI94: Sí | CJ94: No | CK94: No | CL94: Sí | CM94: 07:49 | CN94: Mate | CO94: 14:30 | CP94: 169 | CQ94: 401 | CR94: Sí | CS94: 6 | CT94: Bajo | CU94: 1 % | CV94: Sí | CW94: -8 | CX94: <1 | CY94: Bajo
A95: demo-94 | B95: B1-0094 | C95: 293-44-4400 | D95: 293 | E95: 44 | F95: 4400 | G95: 46291 | H95: 14:05 | J95: B | K95: 1 | L95: Encuestador B | M95: Puesto 2 | N95: Sí | O95: No | P95: 38 | Q95: Sí | R95: Sí | S95: Sí | T95: finalizado | U95: 2026-10-v2 | V95: 2026-09-26T15:00:00.000Z | W95: Argentina | Y95: Terciario incompleto | Z95: No | AA95: 4 | AB95: 3 | AC95: Guaraní | AE95: Español | AG95: Argentina | AI95: Bueno | AJ95: 23 | AK95: Viaje interprovincial | AL95: Quincenalmente | AN95: 3 veces por semana | AP95: Empleado | AR95: Disconforme | AS95: Sí | AT95: 7.3 | AU95: Sí | AV95: Estaciones de servicio | AX95: 5.5 | AY95: Todos los días | AZ95: Gaseosas | BB95: A veces | BC95: No | BD95: No | BE95: Sí | BF95: Obra social; Prepaga | BG95: Sistema público | BH95: Una vez al año | BI95: Sistema privado | BJ95: No | BL95: Ninguno | BN95: No tengo diagnóstico de enfermedad | BP95: Nunca | BQ95: No | BS95: Sí | BT95: No | BU95: Siempre | BV95: Sí | BW95: Sí | BX95: Varón | BY95: 65.9 | BZ95: 1.63 | CA95: 24.8 | CB95: 91 | CC95: 114 | CD95: 73 | CE95: No | CF95: No | CG95: No | CH95: Sí | CI95: No | CJ95: No | CK95: No | CL95: Sí | CM95: 07:27 | CN95: Mate | CO95: 14:30 | CP95: 113 | CQ95: 423 | CR95: No | CV95: Sí | CW95: 3 | CX95: 1 | CY95: Bajo
A96: demo-95 | B96: A1-0095 | C96: 095-28-4500 | D96: 95 | E96: 28 | F96: 4500 | G96: 46294 | H96: 17:07 | J96: A | K96: 1 | L96: Encuestador A | M96: Puesto 2 | N96: Sí | O96: No | P96: 39 | Q96: Sí | R96: No | S96: No | T96: finalizado | U96: 2026-10-v2 | V96: 2026-09-29T15:00:00.000Z | W96: Argentina | Y96: Terciario completo | Z96: No | AA96: 1 | AB96: Más de 5 | AC96: Español; Guaraní | AE96: Español | AG96: Argentina | AI96: Muy bueno | AJ96: 5 | AK96: Viaje provincial (Jujuy) | AL96: Una vez a la semana | AN96: Diariamente | AP96: Empleado | AR96: Conforme | AS96: Sí | AT96: 7.4 | AU96: Sí | AV96: En el camión al costado de la ruta | AX96: 5.2 | AY96: Todos los días | AZ96: Mate; Agua | BB96: Sí, siempre | BC96: Algunas veces | BD96: No | BE96: Sí | BF96: Obra social; Prepaga | BG96: Ninguno | BH96: Una vez al año | BI96: Sistema privado | BJ96: Sí | BK96: Rodillas | BL96: Medicamentos | BM96: Ibuprofeno | BN96: Obesidad | BP96: Rara vez | BQ96: Café | BS96: Sí | BT96: No | BU96: Nunca | BV96: Sí
A97: demo-96 | B97: A1-0096 | C97: 096-37-4500 | D97: 96 | E97: 37 | F97: 4500 | G97: 46294 | H97: 11:06 | J97: A | K97: 1 | L97: Encuestador A | M97: Puesto 1 | N97: Sí | O97: No | P97: 39 | Q97: Sí | R97: Sí | S97: Sí | T97: finalizado | U97: 2026-10-v2 | V97: 2026-09-29T15:00:00.000Z | W97: Paraguay | Y97: Terciario completo | Z97: No | AA97: Más de 5 | AB97: Más de 5 | AC97: Inglés; Portugués | AE97: Español | AG97: Argentina | AI97: Muy malo | AJ97: 13 | AK97: Viaje internacional | AL97: 2 veces por semana | AN97: Una vez a la semana | AP97: Empleado | AR97: Conforme | AS97: Sí | AT97: 8.5 | AU97: No | AV97: Estaciones de servicio; En el camión al costado de la ruta | AX97: 7.1 | AY97: Nunca | AZ97: Jugos artificiales; Gaseosas; Mate | BB97: Sí, siempre | BC97: No | BD97: No | BE97: Sí | BF97: Obra social | BG97: Sistema privado | BH97: Nunca | BI97: Sistema público | BJ97: No | BL97: Medicamentos | BM97: Ibuprofeno | BN97: No tengo diagnóstico de enfermedad | BP97: Rara vez | BQ97: Energizantes (Speed, Monster, Red Bull, etc.) | BS97: Sí | BT97: Sí | BU97: Siempre | BV97: No | BW97: No | BX97: Varón | BY97: 63.8 | BZ97: 1.62 | CA97: 24.3 | CB97: 81 | CC97: 138 | CD97: 88 | CE97: Sí | CF97: No | CG97: No | CH97: No | CI97: No | CJ97: No | CK97: Sí | CL97: Sí | CM97: 07:28 | CN97: Mate | CO97: 14:30 | CP97: 141 | CQ97: 422 | CR97: Sí | CS97: 1 | CT97: Bajo | CU97: 1 % | CV97: Sí | CW97: 5 | CX97: 2 | CY97: Bajo
A98: demo-97 | B98: B1-0097 | C98: 296-37-4400 | D98: 296 | E98: 37 | F98: 4400 | G98: 46301 | H98: 13:07 | J98: B | K98: 1 | L98: Encuestador B | M98: Puesto 1 | N98: Sí | O98: Sí | P98: 38 | Q98: Sí | R98: Sí | S98: Sí | T98: finalizado | U98: 2026-10-v2 | V98: 2026-10-06T15:00:00.000Z | W98: Brasil | Y98: Secundaria incompleta | Z98: Sí | AA98: 4 | AB98: 4 | AC98: Portugués; Inglés | AE98: Español | AG98: Argentina | AI98: Bueno | AJ98: 5 | AK98: Viaje provincial (Jujuy) | AL98: Quincenalmente | AN98: Diariamente | AP98: Dueño del camión | AR98: Parcialmente conforme | AS98: Sí | AT98: 6.6 | AU98: Sí | AV98: En el camión al costado de la ruta | AX98: 7.4 | AY98: Nunca | AZ98: Gaseosas | BB98: Casi nunca | BC98: Algunas veces | BD98: No | BE98: Parcialmente | BF98: Obra social | BG98: Sistema público | BH98: 2 veces al año | BI98: Sistema público; Otros (medicina tradicional, alternativa, etc.) | BJ98: Sí | BK98: Rodillas | BL98: Ninguno | BN98: Musculoesqueléticos; Digestivas | BP98: Una vez a la semana | BQ98: No | BS98: Sí | BT98: No | BU98: A veces | BV98: Sí | BW98: No | BX98: Varón | BY98: 90.9 | BZ98: 1.63 | CA98: 34.2 | CB98: 80 | CC98: 121 | CD98: 77 | CE98: No | CF98: No | CG98: No | CH98: Sí | CI98: No | CJ98: No | CK98: Sí | CL98: Sí | CM98: 07:32 | CN98: Mate | CO98: 13:30 | CP98: 129 | CQ98: 358 | CR98: Sí | CS98: 8 | CT98: Ligeramente elevado | CU98: 4 % | CV98: Sí | CW98: 8 | CX98: 4 | CY98: Bajo
A99: demo-98 | B99: B1-0098 | C99: 297-55-4500 | D99: 297 | E99: 55 | F99: 4500 | G99: 46290 | H99: 10:08 | J99: B | K99: 1 | L99: Encuestador B | M99: Puesto 2 | N99: Sí | O99: No | P99: 39 | Q99: Sí | R99: Sí | S99: Sí | T99: finalizado | U99: 2026-10-v2 | V99: 2026-09-25T15:00:00.000Z | W99: Chile | Y99: Universitario completo | Z99: Sí | AA99: 4 | AB99: 3 | AC99: Portugués | AE99: Español | AG99: Argentina | AI99: Bueno | AJ99: 13 | AK99: Viaje interprovincial | AL99: 2 veces por semana | AN99: 2 veces por semana | AP99: Empleado | AR99: Disconforme | AS99: No | AT99: 6.1 | AU99: Sí | AV99: Paradores | AX99: 7.5 | AY99: Casi nunca | AZ99: Agua; Mate | BB99: Nunca | BC99: Algunas veces | BD99: No | BE99: Sí | BF99: Obra social | BG99: Sistema privado | BH99: 2 veces al año | BI99: Sistema público | BJ99: No | BL99: Medicamentos; Hierbas | BM99: Ibuprofeno | BN99: Musculoesqueléticos | BP99: 2 a 3 veces por semana | BQ99: No | BS99: No | BT99: Sí | BU99: Nunca | BV99: Sí | BW99: No | BX99: Varón | BY99: 86.7 | BZ99: 1.87 | CA99: 24.8 | CB99: 82 | CC99: 167 | CD99: 106 | CE99: Sí | CF99: No | CG99: No | CH99: No | CI99: Sí | CJ99: No | CK99: No | CL99: Sí | CM99: 07:11 | CN99: Mate | CO99: 10:30 | CP99: 79 | CQ99: 199 | CR99: Sí | CS99: 9 | CT99: Ligeramente elevado | CU99: 4 % | CV99: Sí | CW99: 10 | CX99: 6 | CY99: Bajo
A100: demo-99 | B100: A1-0099 | C100: 099-24-4612 | D100: 99 | E100: 24 | F100: 4612 | G100: 46289 | H100: 11:01 | J100: A | K100: 1 | L100: Encuestador A | M100: Puesto 2 | N100: Sí | O100: Sí | P100: 39 | Q100: Sí | R100: Sí | S100: Sí | T100: finalizado | U100: 2026-10-v2 | V100: 2026-09-24T15:00:00.000Z | W100: Paraguay | Y100: Primaria completa | Z100: Sí | AA100: 3 | AB100: 1 | AC100: Español | AE100: Español | AG100: Argentina | AI100: Regular | AJ100: 1 | AK100: Viaje interprovincial | AL100: 2 veces por semana | AN100: Una vez a la semana | AP100: Empleado | AR100: Parcialmente conforme | AS100: Sí | AT100: 8.2 | AU100: Sí | AV100: En el camión al costado de la ruta; Paradores | AX100: 4.9 | AY100: Todos los días | AZ100: Gaseosas; Mate; Café | BB100: Casi nunca | BC100: No | BD100: No | BE100: No | BF100: Ninguna | BG100: Sistema privado | BH100: Una vez al año | BI100: Sistema privado | BJ100: Sí | BK100: Rodillas | BL100: Medicamentos | BM100: Ibuprofeno | BN100: Musculoesqueléticos | BP100: Rara vez | BQ100: Café; Coca-Cola | BS100: Sí | BT100: No | BU100: A veces | BV100: No | BW100: No | BX100: Varón | BY100: 119.7 | BZ100: 1.86 | CA100: 34.6 | CB100: 106 | CC100: 126 | CD100: 80 | CE100: No | CF100: No | CG100: No | CH100: No | CI100: No | CJ100: Sí, primer grado | CK100: No | CL100: Sí | CM100: 07:25 | CN100: Mate | CO100: 14:30 | CP100: 100 | CQ100: 425 | CR100: Sí | CS100: 15 | CT100: Alto | CU100: 33 % | CV100: Sí | CW100: -6 | CX100: <1 | CY100: Bajo
...

Sheet Contactos
A1: id | B1: participante_id | C1: codigo | D1: correo | E1: celular | F1: consentimiento | G1: comparte_app | H1: fecha

Sheet Diccionario
A1: Variable | B1: Descripción o pregunta | C1: Sección | D1: Valores posibles | E1: Ejemplo
A2: id | B2: Identificador único del relevamiento (generado por la app) | C2: Identificación | E2: 7f3c2a10-ejemplo
A3: participante_id | B3: ID interno del participante (equipo, dispositivo y N° de orden) | C3: Identificación | E3: A1-0010
A4: codigo | B4: Código de identificación (orden-edad-código postal) | C4: Identificación | E4: 010-44-4600
A5: orden | B5: Número de orden | C5: Identificación | E5: 10
A6: edad | B6: Edad (años cumplidos) | C6: Identificación | E6: 44
A7: cp | B7: Código postal | C7: Identificación | E7: 4600
A8: fecha | B8: Fecha del relevamiento (AAAA-MM-DD) | C8: Identificación | E8: 2026-10-07
A9: hora_inicio | B9: Hora de inicio | C9: Identificación | E9: 10:58
A10: hora_fin | B10: Hora de cierre | C10: Identificación | E10: 11:30
A11: equipo | B11: Equipo | C11: Identificación | E11: A
A12: dispositivo | B12: Dispositivo | C12: Identificación | E12: 1
A13: encuestador | B13: Encuestador/a | C13: Identificación | E13: MB
A14: puesto | B14: Puesto o lugar de relevamiento | C14: Identificación | E14: Puesto 1
A15: consentimiento | B15: Consentimiento informado | C15: Identificación | E15: Sí
A16: comparte_app | B16: Acepta compartir con la app de camioneros | C16: Identificación | E16: Sí
A17: socio_respondidas | B17: Preguntas sociodemográficas respondidas | C17: Identificación | E17: 6
A18: socio_completo | B18: Módulo sociodemográfico completo | C18: Identificación | E18: No
A19: bio_completo | B19: Módulo biológico completo | C19: Identificación | E19: Sí
A20: gluc_realizada | B20: Glucometría realizada | C20: Identificación | E20: Sí
A21: estado | B21: Estado del relevamiento | C21: Identificación | E21: finalizado
A22: version_instrumento | B22: Versión del instrumento | C22: Identificación | E22: 2026-10-v2
A23: modificado | B23: Última modificación (fecha y hora) | C23: Identificación | E23: 2026-10-07T14:30:00.000Z
A24: p01_nac_pais | B24: 1. Lugar de nacimiento | C24: Origen y educación | D24: Argentina; Brasil; Chile; Paraguay; Otro país | E24: Argentina
A25: p01_nac_detalle | B25: 1. Provincia (si responde «Argentina») | C25: Origen y educación | D25: Texto libre | E25: Jujuy
A26: p02_educacion | B26: 2. Máximo nivel educativo alcanzado | C26: Origen y educación | D26: Primaria completa; Secundaria incompleta; Secundaria completa; Terciario incompleto; Terciario completo; Universitario incompleto; Universitario completo | E26: Secundaria completa
A27: p03_pareja | B27: 3. ¿Está actualmente en pareja? | C27: Hogar | D27: Sí; No
A28: p04_convive | B28: 4. Cantidad de personas con que convive | C28: Hogar | D28: Ninguna (vive solo); 1; 2; 3; 4; 5; Más de 5
A29: p05_a_cargo | B29: 5. Cantidad de personas que tiene a cargo | C29: Hogar | D29: Ninguna; 1; 2; 3; 4; 5; Más de 5
A30: p06_idiomas_entiende | B30: 6. ¿Qué idioma(s) entiende? | C30: Idiomas y licencia | D30: Español; Guaraní; Portugués; Inglés; Otro | E30: Español; Portugués
A31: p06_otro | B31: 6. Especificar (si responde «Otro») | C31: Idiomas y licencia | D31: Texto libre
A32: p07_idiomas_habla | B32: 7. ¿Qué idioma(s) habla? | C32: Idiomas y licencia | D32: Español; Guaraní; Portugués; Inglés; Otro
A33: p07_otro | B33: 7. Especificar (si responde «Otro») | C33: Idiomas y licencia | D33: Texto libre
A34: p08_licencia | B34: 8. ¿En qué país obtuvo su licencia de conducir profesional? | C34: Idiomas y licencia | D34: Argentina; Brasil; Chile; Paraguay; Otro
A35: p08_lic_otro | B35: 8. ¿En qué país? (si responde «Otro») | C35: Idiomas y licencia | D35: Texto libre
A36: p09_rutas_jujuy | B36: 9. ¿Cómo es el estado de las rutas que recorre en Jujuy? | C36: Trabajo y recorrido | D36: Muy bueno; Bueno; Regular; Malo; Muy malo
A37: p10_anios_chofer | B37: 10. ¿Hace cuántos años trabaja como chofer de camión? | C37: Trabajo y recorrido | E37: 18
A38: p11_recorrido | B38: 11. ¿Qué recorrido está realizando ahora? | C38: Trabajo y recorrido | D38: Viaje provincial (Jujuy); Viaje interprovincial; Viaje internacional | E38: Viaje internacional
A39: p12_frec_corredor | B39: 12. ¿Con qué frecuencia realiza ese recorrido? — Otros tramos del corredor + Jujuy | C39: Trabajo y recorrido | D39: Diariamente; Una vez a la semana; 2 veces por semana; 3 veces por semana; Quincenalmente; Una vez al mes; Otro
A40: p12_frec_corredor_otro | B40: 12. Especificar (si responde «Otro») | C40: Trabajo y recorrido | D40: Texto libre
A41: p12_frec_jujuy | B41: 12. ¿Con qué frecuencia realiza ese recorrido? — Tramo Jujuy | C41: Trabajo y recorrido | D41: Diariamente; Una vez a la semana; 2 veces por semana; 3 veces por semana; Quincenalmente; Una vez al mes; Otro
A42: p12_frec_jujuy_otro | B42: 12. Especificar (si responde «Otro») | C42: Trabajo y recorrido | D42: Texto libre
A43: p13_relacion_laboral | B43: 13. ¿Cuál es su relación laboral actual? | C43: Trabajo y recorrido | D43: Empleado; Dueño del camión; Otro
A44: p13_otro | B44: 13. Especificar (si responde «Otro») | C44: Trabajo y recorrido | D44: Texto libre
A45: p14_conformidad | B45: 14. ¿Cómo se siente con su situación laboral actual? | C45: Trabajo y recorrido | D45: Conforme; Parcialmente conforme; Disconforme
A46: p15_riesgo_salud | B46: 15. ¿Cree que su trabajo representa un riesgo para su salud? | C46: Trabajo y recorrido | D46: Sí; No; Duda
A47: p16_horas_sin_parar | B47: 16. Por lo general, ¿cuántas horas conduce sin hacer paradas? | C47: Trabajo y recorrido | E47: 4.5
A48: p17_paradas | B48: 17. ¿Realiza paradas durante su recorrido? | C48: Trabajo y recorrido | D48: Sí; No
A49: p18_donde_come | B49: 18. ¿Dónde suele comer durante los viajes? | C49: Hábitos en ruta | D49: Paradores; En el camión al costado de la ruta; Estaciones de servicio; En casas de familiares o conocidos; Otro
A50: p18_otro | B50: 18. Especificar (si responde «Otro») | C50: Hábitos en ruta | D50: Texto libre
A51: p19_horas_sueno | B51: 19. ¿Cuántas horas duerme por día? | C51: Hábitos en ruta
A52: p20_frutas_verduras | B52: 20. ¿Con qué frecuencia consume frutas y verduras mientras está en ruta? | C52: Hábitos en ruta | D52: Todos los días; Varias veces por semana; Casi nunca; Nunca
A53: p21_bebidas | B53: 21. ¿Qué bebidas consume durante sus viajes? | C53: Hábitos en ruta | D53: Agua; Jugos artificiales; Jugos naturales; Gaseosas; Café; Té; Mate; Otro
A54: p21_otro | B54: 21. Especificar (si responde «Otro») | C54: Hábitos en ruta | D54: Texto libre
A55: p22_sanitarios | B55: 22. ¿Suele tener acceso a sanitarios en sus recorridos? | C55: Hábitos en ruta | D55: Sí, siempre; A veces; Casi nunca; Nunca
A56: p23_recreativas | B56: 23. ¿Dedica tiempo al mes a actividades recreativas (cine, paseos, deporte, etc.)? | C56: Hábitos en ruta | D56: Sí; Algunas veces; Rara vez; No
A57: p24_siniestro | B57: 24. ¿Ha tenido algún siniestro vial en el último año? | C57: Economía y salud | D57: Sí; No
A58: p25_fin_de_mes | B58: 25. Con lo que gana, ¿llega a fin de mes? | C58: Economía y salud | D58: Sí; Parcialmente; No
A59: p26_cobertura | B59: 26. ¿Tiene cobertura médica? | C59: Economía y salud | D59: Obra social; Prepaga; Seguro de salud; Ninguna
A60: p27_control_medico | B60: 27. ¿Dónde recurre para control médico? | C60: Economía y salud | D60: Sistema público; Sistema privado; Ninguno
A61: p28_frec_consulta | B61: 28. ¿Con qué frecuencia consulta al médico, aunque no presente síntomas? | C61: Economía y salud | D61: Una vez al mes; 2 veces al año; Una vez al año; Solo cuando me siento mal; Nunca
A62: p29_atencion_dolencias | B62: 29. ¿Dónde recurre para atención de dolencias, malestar o síntomas? | C62: Economía y salud | D62: Sistema público; Sistema privado; Otros (medicina tradicional, alternativa, etc.); Ninguno
A63: p30_dolores | B63: 30. ¿Tiene dolores frecuentes en alguna parte del cuerpo? | C63: Economía y salud | D63: Sí; No
... A75: p39_comparte_trayectos | B75: 39. ¿Suele compartir trayectos con otros choferes? | C75: Consumos y vínculos | D75: Sí; No
A76: b_dbt_dx | B76: ¿Tiene diagnóstico de diabetes? | C76: Biológica | D76: Sí; No | E76: No
A77: b_sexo | B77: Sexo | C77: Biológica | D77: Mujer; Varón; Otro | E77: Varón
A78: b_peso_kg | B78: Peso (kg) | C78: Biológica | E78: 86.4
A79: b_altura_m | B79: Altura (m) | C79: Biológica | E79: 1.72
A80: b_imc | B80: IMC (calculado) | C80: Biológica | E80: 29.2
A81: b_perimetro_cm | B81: Perímetro abdominal (cm) | C81: Biológica | E81: 101
A82: b_pas_mmhg | B82: Presión arterial sistólica (mmHg) | C82: Biológica | E82: 138
A83: b_pad_mmhg | B83: Presión arterial diastólica (mmHg) | C83: Biológica | E83: 88
A84: b_act_fisica | B84: ¿Hace actividad física regularmente? (al menos 30 min por día) | C84: Biológica | D84: Sí; No | E84: No
A85: b_fyv_diario | B85: ¿Consume frutas o verduras todos los días? | C85: Biológica | D85: Sí; No | E85: No
A86: b_hta_dx | B86: ¿Tiene diagnóstico de hipertensión? | C86: Biológica | D86: Sí; No | E86: No
A87: b_med_antihta | B87: ¿Toma medicación antihipertensiva? | C87: Biológica | D87: Sí; No | E87: No
A88: b_glucosa_previa | B88: ¿Tuvo glucosa elevada en sangre alguna vez? | C88: Biológica | D88: Sí; No | E88: No
A89: b_antec_fam_dbt | B89: Antecedentes familiares de diabetes | C89: Biológica | D89: No; Sí, parientes lejanos; Sí, primer grado | E89: Sí, primer grado
A90: b_fuma | B90: ¿Fuma tabaco? | C90: Biológica | D90: Sí; No | E90: Sí
A91: g_acepta | B91: ¿Acepta evaluarse el nivel de azúcar en sangre? | C91: Biológica | D91: Sí; No | E91: Sí
A92: g_hora_ingesta | B92: Hora de la última ingesta (líquido o sólido) | C92: Biológica | E92: 08:15
A93: g_que_ingirio | B93: ¿Qué comió o bebió? | C93: Biológica | E93: Mate y pan
A94: g_hora_medicion | B94: Hora de la medición | C94: Biológica | E94: 11:20
A95: g_resultado_mgdl | B95: Resultado de glucometría periférica (mg/dL) | C95: Biológica | E95: 112
A96: g_ayuno_min | B96: Minutos de ayuno (calculado) | C96: Calculados | E96: 185
A97: fr_aplica | B97: FINDRISK: ¿corresponde aplicarlo? | C97: Calculados | E97: Sí
A98: fr_puntos | B98: FINDRISK: puntaje total | C98: Calculados | E98: 12
A99: fr_categoria | B99: FINDRISK: nivel de riesgo | C99: Calculados | D99: Bajo; Ligeramente elevado; Moderado; Alto; Muy alto | E99: Moderado
A100: fr_probabilidad | B100: FINDRISK: probabilidad de diabetes a 10 años | C100: Calculados | E100: 17 %
A101: fh_aplica | B101: Framingham: ¿corresponde aplicarlo? | C101: Calculados | E101: Sí
A102: fh_puntos | B102: Framingham: puntaje total | C102: Calculados | E102: 7
A103: fh_riesgo | B103: Framingham: riesgo a 10 años (%) | C103: Calculados | E103: 3
A104: fh_categoria | B104: Framingham: categoría de riesgo | C104: Calculados | D104: Bajo; Moderado; Alto | E104: Bajo
A106: La columna «Ejemplo» muestra el relevamiento de prueba 010-44-4600 (valores ficticios).
